"DateTime";"Великобритания";"Германия";"Иран";"Испания";"Италия";"Китай";"Россия";"США"
2020-01-22 00:00:00;0;0;0;0;0;17;0;0
2020-01-23 00:00:00;0;0;0;0;0;18;0;0
2020-01-24 00:00:00;0;0;0;0;0;26;0;0
2020-01-25 00:00:00;0;0;0;0;0;42;0;0
2020-01-26 00:00:00;0;0;0;0;0;56;0;0
2020-01-27 00:00:00;0;0;0;0;0;82;0;0
2020-01-28 00:00:00;0;0;0;0;0;131;0;0
2020-01-29 00:00:00;0;0;0;0;0;133;0;0
2020-01-30 00:00:00;0;0;0;0;0;171;0;0
2020-01-31 00:00:00;0;0;0;0;0;213;0;0
2020-02-01 00:00:00;0;0;0;0;0;259;0;0
2020-02-02 00:00:00;0;0;0;0;0;361;0;0
2020-02-03 00:00:00;0;0;0;0;0;425;0;0
2020-02-04 00:00:00;0;0;0;0;0;491;0;0
2020-02-05 00:00:00;0;0;0;0;0;563;0;0
2020-02-06 00:00:00;0;0;0;0;0;633;0;0
2020-02-07 00:00:00;0;0;0;0;0;718;0;0
2020-02-08 00:00:00;0;0;0;0;0;805;0;0
2020-02-09 00:00:00;0;0;0;0;0;905;0;0
2020-02-10 00:00:00;0;0;0;0;0;1012;0;0
2020-02-11 00:00:00;0;0;0;0;0;1112;0;0
2020-02-12 00:00:00;0;0;0;0;0;1117;0;0
2020-02-13 00:00:00;0;0;0;0;0;1369;0;0
2020-02-14 00:00:00;0;0;0;0;0;1521;0;0
2020-02-15 00:00:00;0;0;0;0;0;1663;0;0
2020-02-16 00:00:00;0;0;0;0;0;1767;0;0
2020-02-17 00:00:00;0;0;0;0;0;1865;0;0
2020-02-18 00:00:00;0;0;0;0;0;2004;0;0
2020-02-19 00:00:00;0;0;2;0;0;2117;0;0
2020-02-20 00:00:00;0;0;2;0;0;2239;0;0
2020-02-21 00:00:00;0;0;4;0;1;2239;0;0
2020-02-22 00:00:00;0;0;5;0;2;2444;0;0
2020-02-23 00:00:00;0;0;8;0;3;2446;0;0
2020-02-24 00:00:00;0;0;12;0;7;2596;0;0
2020-02-25 00:00:00;0;0;16;0;10;2666;0;0
2020-02-26 00:00:00;0;0;19;0;12;2718;0;0
2020-02-27 00:00:00;0;0;26;0;17;2747;0;0
2020-02-28 00:00:00;0;0;34;0;21;2791;0;0
2020-02-29 00:00:00;0;0;43;0;29;2838;0;1
2020-03-01 00:00:00;0;0;54;0;34;2873;0;1
2020-03-02 00:00:00;0;0;66;0;52;2915;0;6
2020-03-03 00:00:00;0;0;77;1;79;2948;0;7
2020-03-04 00:00:00;0;0;92;2;107;2984;0;11
2020-03-05 00:00:00;0;0;107;3;148;3016;0;12
2020-03-06 00:00:00;1;0;124;5;197;3045;0;14
2020-03-07 00:00:00;2;0;145;10;233;3073;0;17
2020-03-08 00:00:00;2;0;194;17;366;3101;0;21
2020-03-09 00:00:00;3;2;237;28;463;3124;0;22
2020-03-10 00:00:00;7;2;291;35;631;3140;0;28
2020-03-11 00:00:00;7;3;354;54;827;3162;0;33
2020-03-12 00:00:00;9;5;429;55;1016;3173;0;43
2020-03-13 00:00:00;10;5;514;133;1266;3181;0;51
2020-03-14 00:00:00;29;8;611;195;1441;3194;0;58
2020-03-15 00:00:00;43;12;724;289;1809;3204;0;70
2020-03-16 00:00:00;66;12;853;342;2158;3218;0;97
2020-03-17 00:00:00;83;12;988;533;2503;3231;0;134
2020-03-18 00:00:00;118;12;1135;623;2978;3242;0;194
2020-03-19 00:00:00;164;20;1284;830;3405;3250;1;266
2020-03-20 00:00:00;196;31;1433;1043;4032;3255;1;372
2020-03-21 00:00:00;254;47;1556;1375;4825;3261;1;475
2020-03-22 00:00:00;289;55;1685;1772;5476;3276;1;603
2020-03-23 00:00:00;365;86;1812;2311;6077;3276;1;790
2020-03-24 00:00:00;513;114;1934;2808;6820;3283;1;1033
2020-03-25 00:00:00;704;149;2077;3647;7503;3287;3;1366
2020-03-26 00:00:00;885;198;2234;4365;8215;3293;3;1783
2020-03-27 00:00:00;1174;253;2378;5138;9134;3298;4;2305
2020-03-28 00:00:00;1466;325;2517;5982;10023;3301;4;3018
2020-03-29 00:00:00;1678;389;2640;6803;10779;3306;8;3573
2020-03-30 00:00:00;2054;455;2757;7716;11591;3313;9;4280
2020-03-31 00:00:00;2457;583;2898;8464;12428;3314;17;5359
2020-04-01 00:00:00;3130;732;3036;9387;13155;3321;24;6611
2020-04-02 00:00:00;3787;872;3160;10348;13915;3327;30;8142
2020-04-03 00:00:00;4524;1017;3294;11198;14681;3331;34;9562
2020-04-04 00:00:00;5281;1158;3452;11947;15362;3335;43;11165
2020-04-05 00:00:00;5883;1342;3603;12641;15887;3338;45;12781
2020-04-06 00:00:00;6452;1434;3739;13341;16523;3340;47;14523
2020-04-07 00:00:00;7559;1607;3872;14045;17127;3340;58;17099
2020-04-08 00:00:00;8590;1861;3993;14792;17669;3342;63;19249
2020-04-09 00:00:00;9709;2107;4110;15447;18279;3344;76;21463
2020-04-10 00:00:00;10832;2373;4232;16081;18849;3346;94;23650
2020-04-11 00:00:00;11677;2544;4357;16606;19468;3349;106;25786
2020-04-12 00:00:00;12334;2673;4474;17209;19899;3349;130;27675
2020-04-13 00:00:00;13060;2799;4585;17756;20465;3351;148;29660
2020-04-14 00:00:00;14137;2969;4683;18056;21067;3351;170;32133
2020-04-15 00:00:00;15019;3254;4777;18708;21645;3352;198;34731
2020-04-16 00:00:00;16059;3569;4869;19315;22170;3352;232;36914
2020-04-17 00:00:00;16973;3868;4958;20002;22745;4642;273;39009
2020-04-18 00:00:00;18083;4110;5031;20043;23227;4642;313;40955
2020-04-19 00:00:00;18517;4294;5118;20453;23660;4642;361;42935
2020-04-20 00:00:00;19091;4404;5209;20852;24114;4642;405;45180
2020-04-21 00:00:00;20315;4598;5297;21282;24648;4642;456;47662
2020-04-22 00:00:00;21171;4879;5391;21717;25085;4642;513;50129
2020-04-23 00:00:00;21854;5094;5481;22157;25549;4642;555;52543
2020-04-24 00:00:00;22872;5321;5574;22524;25969;4642;615;54712
2020-04-25 00:00:00;23689;5500;5650;22902;26384;4642;681;56446
2020-04-26 00:00:00;24053;5640;5710;23190;26644;4643;747;57852
2020-04-27 00:00:00;24376;5750;5806;23521;26977;4643;794;59332
2020-04-28 00:00:00;25346;5913;5877;23822;27359;4643;867;61576
2020-04-29 00:00:00;26115;6115;5957;24275;27682;4643;972;63968
2020-04-30 00:00:00;26750;6288;6028;24543;27967;4643;1073;66159
2020-05-01 00:00:00;27449;6481;6091;24543;28236;4643;1169;68067
2020-05-02 00:00:00;28036;6575;6156;25100;28710;4643;1222;69810
2020-05-03 00:00:00;28290;6649;6203;25264;28884;4643;1280;71013
2020-05-04 00:00:00;28564;6692;6277;25428;29079;4643;1356;72371
2020-05-05 00:00:00;29290;6831;6340;25613;29315;4643;1451;74592
2020-05-06 00:00:00;29937;6996;6418;25857;29684;4643;1537;76914
2020-05-07 00:00:00;30395;7119;6486;26070;29958;4643;1625;78829
2020-05-08 00:00:00;30975;7266;6541;26299;30201;4643;1723;80600
2020-05-09 00:00:00;31250;7369;6589;26478;30395;4643;1827;82066
2020-05-10 00:00:00;31467;7395;6640;26621;30560;4643;1915;83066
2020-05-11 00:00:00;31655;7417;6685;26744;30739;4644;2009;84101
2020-05-12 00:00:00;32270;7533;6733;26920;30911;4644;2116;85690
2020-05-13 00:00:00;32717;7634;6783;27104;31106;4644;2212;87425
2020-05-14 00:00:00;33071;7723;6854;27321;31368;4644;2305;89198
2020-05-15 00:00:00;33422;7824;6902;27459;31610;4644;2418;90863
2020-05-16 00:00:00;33833;7881;6937;27563;31763;4645;2537;92060
2020-05-17 00:00:00;33900;7914;6988;27563;31908;4645;2631;92890
2020-05-18 00:00:00;34046;7935;7057;27709;32007;4645;2722;94110
2020-05-19 00:00:00;34546;8007;7119;27778;32169;4645;2837;95555
2020-05-20 00:00:00;34874;8090;7183;27888;32330;4645;2972;97058
2020-05-21 00:00:00;35148;8147;7249;27940;32486;4645;3099;98246
2020-05-22 00:00:00;35440;8174;7300;28628;32616;4645;3249;99450
2020-05-23 00:00:00;35660;8216;7359;28678;32735;4645;3388;100524
2020-05-24 00:00:00;36039;8247;7417;28752;32785;4645;3541;101165
2020-05-25 00:00:00;36143;8257;7451;26834;32877;4645;3633;101762
2020-05-26 00:00:00;36274;8302;7508;27117;32955;4645;3807;102419
2020-05-27 00:00:00;36696;8349;7564;27117;33072;4645;3968;103898
2020-05-28 00:00:00;37039;8411;7627;27119;33142;4645;4142;104987
2020-05-29 00:00:00;37313;8450;7677;27121;33229;4645;4374;106104
2020-05-30 00:00:00;37467;8489;7734;27125;33340;4645;4555;107056
2020-05-31 00:00:00;37527;8500;7797;27127;33415;4645;4693;107677
2020-06-01 00:00:00;37613;8511;7878;27127;33475;4645;4849;108451
2020-06-02 00:00:00;37862;8522;7942;27127;33530;4645;5031;109432
2020-06-03 00:00:00;38116;8551;8012;27128;33601;4645;5208;110443
2020-06-04 00:00:00;38247;8581;8071;27133;33689;4645;5376;111448
2020-06-05 00:00:00;38505;8613;8134;27134;33774;4645;5520;112328
2020-06-06 00:00:00;38648;8646;8209;27135;33846;4645;5717;112966
2020-06-07 00:00:00;38702;8668;8281;27136;33899;4645;5851;113422
2020-06-08 00:00:00;38749;8674;8351;27136;33964;4645;5963;113934
2020-06-09 00:00:00;38944;8711;8425;27136;34043;4645;6134;114852
2020-06-10 00:00:00;39108;8729;8506;27136;34114;4645;6350;115724
2020-06-11 00:00:00;39184;8755;8584;27136;34167;4645;6522;116541
2020-06-12 00:00:00;39315;8763;8659;27136;34223;4645;6705;117363
2020-06-13 00:00:00;39422;8781;8730;27136;34301;4645;6819;118083
2020-06-14 00:00:00;39449;8787;8837;27136;34345;4645;6938;118430
2020-06-15 00:00:00;39478;8791;8950;27136;34371;4645;7081;118831
2020-06-16 00:00:00;39598;8800;9065;27136;34405;4645;7274;119616
2020-06-17 00:00:00;39708;8830;9185;27136;34448;4645;7468;120365
2020-06-18 00:00:00;39775;8856;9272;27136;34514;4645;7650;121066
2020-06-19 00:00:00;39859;8872;9392;28315;34561;4645;7831;121700
2020-06-20 00:00:00;39930;8883;9507;28322;34610;4645;7992;122265
2020-06-21 00:00:00;39962;8882;9623;28323;34634;4646;8101;122582
2020-06-22 00:00:00;39976;8885;9742;28324;34657;4646;8196;122961
2020-06-23 00:00:00;40070;8895;9863;28325;34675;4647;8349;123701
2020-06-24 00:00:00;40157;8914;9996;28327;34644;4647;8503;124457
2020-06-25 00:00:00;40256;8927;10130;28330;34678;4648;8594;125006
2020-06-26 00:00:00;40333;8948;10239;28338;34708;4648;8770;125636
2020-06-27 00:00:00;40373;8954;10364;28341;34716;4648;8958;126133
2020-06-28 00:00:00;40404;8957;10508;28343;34738;4648;9060;126457
2020-06-29 00:00:00;40425;8961;10670;28346;34744;4648;9152;126828
2020-06-30 00:00:00;40479;8973;10817;28355;34767;4648;9306;127382
2020-07-01 00:00:00;40576;8985;10958;28364;34788;4648;9521;128083
2020-07-02 00:00:00;40617;8994;11106;28368;34818;4648;9668;128822
2020-07-03 00:00:00;40666;9003;11260;28385;34833;4648;9844;129499
2020-07-04 00:00:00;40698;9010;11408;28385;34854;4648;10011;129801
2020-07-05 00:00:00;40717;9012;11571;28385;34861;4648;10145;130123
2020-07-06 00:00:00;40728;9016;11731;28388;34869;4648;10280;130493
2020-07-07 00:00:00;40782;9024;11931;28392;34899;4648;10478;131636
2020-07-08 00:00:00;40839;9036;12084;28396;34914;4648;10650;132478
2020-07-09 00:00:00;40870;9048;12305;28401;34926;4648;10826;133514
2020-07-10 00:00:00;40904;9054;12447;28403;34938;4648;11000;134332
2020-07-11 00:00:00;40921;9060;12635;28403;34945;4648;11188;135083
2020-07-12 00:00:00;40930;9063;12829;28403;34954;4648;11318;135557
2020-07-13 00:00:00;40940;9064;13032;28406;34967;4648;11422;135992
2020-07-14 00:00:00;40984;9068;13211;28409;34984;4649;11597;136890
2020-07-15 00:00:00;41010;9071;13410;28413;34997;4649;11753;137854
2020-07-16 00:00:00;41034;9078;13608;28416;35017;4651;11920;138821
2020-07-17 00:00:00;41060;9082;13791;28420;35028;4651;12106;139741
2020-07-18 00:00:00;41069;9083;13979;28420;35042;4653;12228;140628
2020-07-19 00:00:00;41080;9084;14188;28420;35045;4653;12323;141107
2020-07-20 00:00:00;41090;9086;14405;28422;35058;4653;12408;141639
2020-07-21 00:00:00;41115;9090;14634;28424;35073;4655;12561;142727
2020-07-22 00:00:00;41132;9095;14853;28426;35082;4655;12726;143953
2020-07-23 00:00:00;41141;9101;15074;28429;35092;4656;12873;145043
2020-07-24 00:00:00;41173;9111;15289;28432;35097;4657;13026;146135
2020-07-25 00:00:00;41188;9118;15484;28432;35102;4659;13172;147106
2020-07-26 00:00:00;41196;9118;15700;28432;35107;4659;13249;147643
2020-07-27 00:00:00;41199;9118;15912;28434;35112;4663;13334;148753
2020-07-28 00:00:00;41220;9122;16147;28436;35123;4663;13483;149970
2020-07-29 00:00:00;41254;9128;16343;28441;35129;4665;13650;151414
2020-07-30 00:00:00;41254;9134;16569;28443;35132;4665;13778;152709
2020-07-31 00:00:00;41274;9141;16766;28445;35141;4668;13939;153894
2020-08-01 00:00:00;41287;9148;16982;28445;35146;4672;14034;155013
2020-08-02 00:00:00;41292;9141;17190;28445;35154;4675;14104;155475
2020-08-03 00:00:00;41293;9148;17405;28472;35166;4678;14183;156037
2020-08-04 00:00:00;41311;9156;17617;28498;35171;4682;14327;157295
2020-08-05 00:00:00;41325;9168;17802;28499;35181;4684;14465;158708
2020-08-06 00:00:00;41343;9175;17976;28500;35187;4685;14579;159891
2020-08-07 00:00:00;41355;9183;18132;28503;35190;4687;14698;161186
2020-08-08 00:00:00;41358;9195;18264;28503;35203;4688;14827;162272
2020-08-09 00:00:00;41363;9196;18427;28503;35205;4692;14903;162845
2020-08-10 00:00:00;41381;9197;18616;28576;35209;4695;14973;163367
2020-08-11 00:00:00;41394;9201;18800;28581;35215;4699;15103;164452
2020-08-12 00:00:00;41414;9207;18988;28579;35225;4704;15231;165963
2020-08-13 00:00:00;41432;9211;19162;28605;35231;4706;15353;167003
2020-08-14 00:00:00;41443;9225;19331;28617;35234;4707;15467;168312
2020-08-15 00:00:00;41446;9231;19492;28617;35392;4709;15585;169354
2020-08-16 00:00:00;41451;9231;19639;28617;35396;4710;15653;169967
2020-08-17 00:00:00;41454;9232;19804;28646;35400;4710;15707;170439
2020-08-18 00:00:00;41466;9236;19972;28670;35405;4711;15836;171669
2020-08-19 00:00:00;41483;9243;20125;28797;35412;4713;15951;172353
2020-08-20 00:00:00;41489;9253;20264;28813;35418;4714;16058;173453
2020-08-21 00:00:00;41491;9260;20376;28838;35427;4716;16148;174549
2020-08-22 00:00:00;41509;9267;20502;28838;35430;4717;16268;175511
2020-08-23 00:00:00;41515;9269;20643;28838;35437;4718;16341;176014
2020-08-24 00:00:00;41519;9272;20776;28872;35441;4718;16406;176440
2020-08-25 00:00:00;41535;9277;20901;28924;35445;4718;16524;177659
2020-08-26 00:00:00;41552;9280;21020;28971;35458;4719;16638;178817
2020-08-27 00:00:00;41564;9285;21137;28996;35463;4720;16758;179925
2020-08-28 00:00:00;41573;9288;21249;29011;35472;4725;16866;180851
2020-08-29 00:00:00;41585;9289;21359;29011;35473;4727;16977;181814
2020-08-30 00:00:00;41586;9295;21462;29011;35477;4729;17045;182255
2020-08-31 00:00:00;41589;9298;21571;29094;35483;4730;17128;182737
2020-09-01 00:00:00;41592;9302;21672;29152;35491;4731;17250;183802
2020-09-02 00:00:00;41602;9313;21797;29194;35497;4734;17365;184855
2020-09-03 00:00:00;41616;9321;21926;29234;35507;4735;17479;185877
2020-09-04 00:00:00;41626;9322;22044;29418;35518;4735;17598;186827
2020-09-05 00:00:00;41638;9324;22154;29418;35534;4735;17707;187630
2020-09-06 00:00:00;41640;9325;22293;29418;35541;4736;17768;188066
2020-09-07 00:00:00;41643;9325;22410;29516;35553;4739;17818;188385
2020-09-08 00:00:00;41675;9329;22542;29594;35563;4740;17939;188848
2020-09-09 00:00:00;41683;9338;22669;29628;35577;4740;18080;189951
2020-09-10 00:00:00;41697;9341;22798;29699;35587;4740;18207;190859
2020-09-11 00:00:00;41703;9342;22913;29747;35597;4740;18309;192001
2020-09-12 00:00:00;41712;9347;23029;29747;35603;4741;18426;192741
2020-09-13 00:00:00;41717;9349;23157;29747;35610;4741;18517;193134
2020-09-14 00:00:00;41726;9350;23313;29848;35624;4742;18573;193554
2020-09-15 00:00:00;41753;9362;23453;30004;35633;4742;18723;194748
2020-09-16 00:00:00;41773;9368;23632;30243;35645;4743;18853;195685
2020-09-17 00:00:00;41794;9371;23808;30405;35658;4743;18996;196533
2020-09-18 00:00:00;41821;9378;23952;30495;35668;4744;19128;197489
2020-09-19 00:00:00;41848;9384;24118;30495;35692;4744;19270;198151
2020-09-20 00:00:00;41866;9386;24301;30495;35707;4744;19349;198415
2020-09-21 00:00:00;41877;9386;24478;30663;35724;4744;19420;198824
2020-09-22 00:00:00;41914;9396;24656;30904;35738;4744;19575;199847
2020-09-23 00:00:00;41951;9409;24840;31034;35758;4744;19720;200895
2020-09-24 00:00:00;41991;9428;25015;31118;35781;4745;19867;201784
2020-09-25 00:00:00;42025;9443;25222;31232;35801;4745;19973;202693
2020-09-26 00:00:00;42060;9452;25394;31232;35818;4746;20140;203457
2020-09-27 00:00:00;42077;9457;25589;31232;35835;4746;20239;203759
2020-09-28 00:00:00;42090;9460;25779;31411;35851;4746;20299;204093
2020-09-29 00:00:00;42162;9471;25986;31411;35875;4746;20456;204986
2020-09-30 00:00:00;42233;9488;26169;31791;35894;4746;20630;205892
2020-10-01 00:00:00;42292;9500;26380;31973;35918;4746;20796;206787
2020-10-02 00:00:00;42358;9508;26567;32086;35941;4746;20981;207621
2020-10-03 00:00:00;42407;9527;26746;32086;35968;4746;21153;208290
2020-10-04 00:00:00;42440;9529;26957;32086;35986;4746;21260;208660
2020-10-05 00:00:00;42459;9534;27192;32225;36002;4746;21375;209130
2020-10-06 00:00:00;42535;9546;27419;32486;36030;4746;21559;209824
2020-10-07 00:00:00;42605;9562;27658;32562;36061;4746;21755;210726
2020-10-08 00:00:00;42682;9578;27888;32688;36083;4746;21939;211700
2020-10-09 00:00:00;42769;9589;28098;32929;36111;4746;22137;212666
2020-10-10 00:00:00;42850;9604;28293;32929;36140;4746;22331;213321
2020-10-11 00:00:00;42915;9615;28544;32929;36166;4746;22471;213780
2020-10-12 00:00:00;42965;9621;28816;33124;36205;4746;22594;214172
2020-10-13 00:00:00;43108;9634;29070;33204;36246;4746;22834;214943
2020-10-14 00:00:00;43245;9677;29349;33413;36289;4746;23069;215930
2020-10-15 00:00:00;43383;9710;29605;33553;36372;4746;23350;216757
2020-10-16 00:00:00;43519;9734;29870;33775;36427;4746;23580;217683
2020-10-17 00:00:00;43669;9767;30123;33775;36474;4746;23857;218468
2020-10-18 00:00:00;43736;9777;30375;33775;36543;4746;24039;218926
2020-10-19 00:00:00;43816;9789;30712;33992;36616;4746;24205;219407
2020-10-20 00:00:00;44057;9836;31034;34210;36705;4746;24473;220337
2020-10-21 00:00:00;44248;9875;31346;34366;36832;4746;24786;221495
2020-10-22 00:00:00;44437;9905;31650;34521;36968;4746;25072;222331
2020-10-23 00:00:00;44661;9954;31985;34752;37059;4746;25353;223279
2020-10-24 00:00:00;44835;10003;32320;34752;37210;4746;25647;224235
2020-10-25 00:00:00;44986;10032;32616;34752;37338;4746;25875;224680
2020-10-26 00:00:00;45088;10056;32953;35031;37479;4746;26092;225194
2020-10-27 00:00:00;45455;10098;33299;35298;37700;4746;26409;226194
2020-10-28 00:00:00;45765;10183;33714;35466;37905;4746;26752;227203
2020-10-29 00:00:00;46045;10272;34113;35639;38122;4746;27111;228190
2020-10-30 00:00:00;46319;10349;34478;35878;38321;4746;27462;229247
2020-10-31 00:00:00;46645;10452;34864;35878;38618;4746;27787;230168
2020-11-01 00:00:00;46807;10481;35298;35878;38826;4746;28026;230659
2020-11-02 00:00:00;46943;10530;35738;36257;39059;4746;28264;231215
2020-11-03 00:00:00;47340;10661;36160;36495;39412;4746;28611;232807
2020-11-04 00:00:00;47832;10812;36579;38118;39764;4747;28996;233916
2020-11-05 00:00:00;48210;10930;36985;38486;40192;4747;29285;235074
2020-11-06 00:00:00;48565;11096;37409;38833;40638;4748;29654;236281
2020-11-07 00:00:00;48978;11226;37832;38833;41063;4748;30010;237389
2020-11-08 00:00:00;49134;11289;38291;38833;41394;4748;30292;237942
2020-11-09 00:00:00;49329;11352;38749;39345;41750;4748;30546;238700
2020-11-10 00:00:00;49861;11506;39202;39345;42330;4749;30899;240107
2020-11-11 00:00:00;50457;11767;39664;40105;42953;4749;31326;241530
2020-11-12 00:00:00;51020;11982;40121;40461;43589;4749;31755;242728
2020-11-13 00:00:00;51396;12200;40582;40769;44139;4749;32156;243925
2020-11-14 00:00:00;51858;12378;41034;40769;44683;4749;32536;245285
2020-11-15 00:00:00;52026;12485;41493;40769;45229;4749;32885;246053
2020-11-16 00:00:00;52240;12547;41979;41253;45733;4749;33184;246872
2020-11-17 00:00:00;52839;12814;42461;41688;46464;4749;33619;248576
2020-11-18 00:00:00;53368;13119;42941;42039;47217;4749;34068;250489
2020-11-19 00:00:00;53870;13370;43417;42291;47870;4749;34525;252518
2020-11-20 00:00:00;54381;13630;43896;42619;48569;4749;34980;254454
2020-11-21 00:00:00;54721;13884;44327;42619;49261;4749;35442;256091
2020-11-22 00:00:00;55120;14022;44802;42619;49823;4749;35838;257145
2020-11-23 00:00:00;55327;14112;45255;43131;50453;4749;36192;258211
2020-11-24 00:00:00;55935;14361;45738;43668;51306;4749;36675;260345
2020-11-25 00:00:00;56630;14771;46207;44037;52028;4749;37173;262576
2020-11-26 00:00:00;57128;15160;46689;44374;52850;4749;37688;263981
2020-11-27 00:00:00;57648;15586;47095;44668;53677;4749;38175;265528
2020-11-28 00:00:00;58127;15965;47486;44668;54363;4750;38676;266879
2020-11-29 00:00:00;58342;16123;47874;44668;54904;4750;39127;267915
2020-11-30 00:00:00;58545;16248;48246;45069;55576;4750;39491;269228
2020-12-01 00:00:00;59148;16636;48628;45511;56361;4750;40050;271778
2020-12-02 00:00:00;59796;17123;48990;45784;57045;4751;40630;274592
2020-12-03 00:00:00;60210;17602;49348;46038;58038;4751;41173;277543
2020-12-04 00:00:00;60714;18034;49695;46252;58852;4753;41730;280153
2020-12-05 00:00:00;61111;18517;50016;46252;59514;4753;42228;282537
2020-12-06 00:00:00;61342;18772;50310;46252;60078;4753;42675;283929
2020-12-07 00:00:00;61531;18919;50594;46646;60606;4753;43122;285493
2020-12-08 00:00:00;62130;19342;50917;46646;61240;4753;43674;288064
2020-12-09 00:00:00;62663;19932;51212;47019;61739;4755;44220;291229
2020-12-10 00:00:00;63179;20372;51496;47344;62626;4755;44769;294209
2020-12-11 00:00:00;63603;20970;51727;47624;63387;4755;45370;297583
2020-12-12 00:00:00;64123;21466;51949;47624;64036;4756;45923;300092
2020-12-13 00:00:00;64267;21787;52196;47624;64520;4758;46404;301749
2020-12-14 00:00:00;64500;21975;52447;48013;65011;4761;46846;303405
2020-12-15 00:00:00;65006;22475;52670;48401;65857;4763;47410;306382
2020-12-16 00:00:00;65618;23427;52883;48596;66537;4764;47994;310108
2020-12-17 00:00:00;66150;24125;53095;48777;67220;4766;48568;313556
2020-12-18 00:00:00;66639;24938;53273;48926;67894;4770;49170;316492
2020-12-19 00:00:00;67174;25640;53448;48926;68447;4770;49744;319297
2020-12-20 00:00:00;67503;26049;53625;48926;68799;4770;50242;321006
2020-12-21 00:00:00;67718;26275;53816;49260;69214;4772;50723;322804
2020-12-22 00:00:00;68409;27006;54003;49520;69842;4773;51274;326102
2020-12-23 00:00:00;69155;27968;54156;49698;70395;4774;51810;329484
2020-12-24 00:00:00;69730;28770;54308;49824;70900;4776;52434;332406
2020-12-25 00:00:00;70301;29182;54440;49824;71359;4777;52985;333925
2020-12-26 00:00:00;70513;29422;54574;49824;71620;4777;53539;335832
2020-12-27 00:00:00;70860;29778;54693;49824;71925;4777;54080;337269
2020-12-28 00:00:00;71217;30126;54814;50122;72370;4780;54559;339141
2020-12-29 00:00:00;71675;30978;54946;50442;73029;4784;55107;342757
2020-12-30 00:00:00;72656;32107;55095;50689;73604;4787;55692;346647
2020-12-31 00:00:00;73621;33071;55223;50837;74159;4789;56271;349938
2021-01-01 00:00:00;74235;33624;55337;50837;74621;4790;56798;352185
2021-01-02 00:00:00;74682;33960;55438;50837;74985;4791;57235;354728
2021-01-03 00:00:00;75137;34272;55540;50837;75332;4791;57730;356159
2021-01-04 00:00:00;75544;34574;55650;51078;75680;4792;58203;358142
2021-01-05 00:00:00;76421;35518;55748;51430;76329;4794;58706;361741
2021-01-06 00:00:00;77466;36537;55830;51430;76877;4795;59137;365654
2021-01-07 00:00:00;78632;37607;55933;51675;77291;4795;59628;369676
2021-01-08 00:00:00;79961;38795;56018;51874;77911;4796;60067;373849
2021-01-09 00:00:00;80999;39878;56100;51874;78394;4798;60523;377090
2021-01-10 00:00:00;81567;40343;56171;51874;78755;4799;60963;379181
2021-01-11 00:00:00;82096;40686;56262;52275;79203;4799;61389;381019
2021-01-12 00:00:00;83340;41577;56360;52683;79819;4800;61908;385395
2021-01-13 00:00:00;84909;42637;56457;52878;80326;4803;62463;389408
2021-01-14 00:00:00;86162;43881;56538;53079;80848;4803;63016;393189
2021-01-15 00:00:00;87448;44994;56621;53314;81325;4803;63558;397013
2021-01-16 00:00:00;88747;45974;56717;53314;81800;4804;64134;400577
2021-01-17 00:00:00;89429;46419;56803;53314;82177;4804;64601;402569
2021-01-18 00:00:00;90031;46633;56886;53769;82554;4805;65059;404137
2021-01-19 00:00:00;91643;47622;56973;54173;83157;4806;65632;406533
2021-01-20 00:00:00;93469;48770;57057;54637;83681;4808;66214;410944
2021-01-21 00:00:00;94765;49783;57150;55041;84202;4809;66810;415054
2021-01-22 00:00:00;96166;50642;57225;55441;84674;4809;67376;418837
2021-01-23 00:00:00;97517;51521;57294;55441;85162;4810;67919;422374
2021-01-24 00:00:00;98129;51870;57383;55441;85461;4811;68397;424219
2021-01-25 00:00:00;98723;52087;57481;56208;85881;4814;68841;425987
2021-01-26 00:00:00;100359;52990;57560;56794;86422;4816;69391;429962
2021-01-27 00:00:00;102085;53972;57651;57291;86889;4817;69971;434052
2021-01-28 00:00:00;103324;54913;57736;57806;87381;4820;70533;437867
2021-01-29 00:00:00;104573;55752;57807;58319;87858;4821;71054;441445
2021-01-30 00:00:00;105776;56546;57889;58319;88279;4822;71556;444320
2021-01-31 00:00:00;106367;56945;57959;58319;88516;4825;72029;446269
2021-02-01 00:00:00;106774;57120;58038;59081;88845;4826;72456;448041
2021-02-02 00:00:00;108224;57981;58110;59805;89344;4827;72982;451571
2021-02-03 00:00:00;109546;58956;58189;60370;89820;4829;73497;455443
2021-02-04 00:00:00;110462;59742;58256;60802;90241;4831;74005;459336
2021-02-05 00:00:00;111477;60597;58336;61386;90618;4831;74520;463014
2021-02-06 00:00:00;112305;61286;58412;61386;91003;4831;75010;465750
2021-02-07 00:00:00;112681;61517;58469;61386;91273;4831;75430;467219
2021-02-08 00:00:00;113014;61675;58536;62295;91580;4831;75828;468662
2021-02-09 00:00:00;114066;62156;58625;63061;92002;4832;76347;471700
2021-02-10 00:00:00;115068;62969;58686;63704;92338;4833;76873;475079
2021-02-11 00:00:00;115748;63635;58751;64217;92729;4836;77415;478247
2021-02-12 00:00:00;116507;64191;58809;64747;93045;4837;77911;481091
2021-02-13 00:00:00;117128;64742;58883;64747;93356;4838;78403;483363
2021-02-14 00:00:00;117388;64960;58945;64747;93577;4838;78825;484521
2021-02-15 00:00:00;117621;65076;59028;65449;93835;4838;79210;485462
2021-02-16 00:00:00;118420;65604;59117;65979;94171;4839;79659;487095
2021-02-17 00:00:00;119159;66164;59184;66316;94540;4840;80118;489504
2021-02-18 00:00:00;119614;66698;59264;66704;94887;4842;80587;492083
2021-02-19 00:00:00;120147;67206;59341;67101;95235;4842;81048;494607
2021-02-20 00:00:00;120593;67696;59409;67101;95486;4842;81517;496525
2021-02-21 00:00:00;120810;67841;59483;67101;95718;4842;81926;497737
2021-02-22 00:00:00;120988;67903;59572;67636;95992;4842;82255;498937
2021-02-23 00:00:00;121536;68318;59663;68079;96348;4842;82666;501209
2021-02-24 00:00:00;121978;68740;59736;68468;96666;4842;83044;504431
2021-02-25 00:00:00;122302;69125;59830;68813;96974;4843;83481;506847
2021-02-26 00:00:00;122648;69519;59899;69142;97227;4843;83900;508987
2021-02-27 00:00:00;122939;69888;59980;69142;97507;4843;84330;510501
2021-02-28 00:00:00;123083;70045;60073;69142;97699;4844;84700;511591
2021-03-01 00:00:00;123187;70105;60181;69609;97945;4845;85025;512905
2021-03-02 00:00:00;123530;70463;60267;69801;98288;4845;85458;514822
2021-03-03 00:00:00;124017;70881;60353;70247;98635;4845;85901;517349
2021-03-04 00:00:00;124259;71240;60431;70501;98974;4846;86368;519275
2021-03-05 00:00:00;124495;71504;60512;71138;99271;4846;86821;521001
2021-03-06 00:00:00;124654;71804;60594;71138;99578;4848;87253;522515
2021-03-07 00:00:00;124736;71900;60687;71138;99785;4848;87614;523217
2021-03-08 00:00:00;124801;71934;60786;71436;100103;4848;87985;523924
2021-03-09 00:00:00;125032;72189;60867;71727;100479;4848;88315;525689
2021-03-10 00:00:00;125222;72489;60928;71961;100811;4848;88773;527229
2021-03-11 00:00:00;125403;72810;61016;72085;101184;4849;89224;528783
2021-03-12 00:00:00;125579;73062;61069;72258;101564;4849;89701;530202
2021-03-13 00:00:00;125701;73301;61142;72258;101881;4849;90169;531177
2021-03-14 00:00:00;125753;73371;61230;72258;102145;4849;90558;531692
2021-03-15 00:00:00;125817;73418;61330;72424;102499;4849;90958;532395
2021-03-16 00:00:00;125927;73656;61427;72565;103001;4849;91395;533652
2021-03-17 00:00:00;126068;73905;61492;72793;103432;4849;91815;534845
2021-03-18 00:00:00;126163;74132;61581;72910;103855;4849;92266;536480
2021-03-19 00:00:00;126263;74358;61649;72910;104241;4849;92704;537506
2021-03-20 00:00:00;126359;74565;61724;72910;104642;4849;93090;538278
2021-03-21 00:00:00;126393;74664;61797;72910;104942;4849;93457;538990
2021-03-22 00:00:00;126411;74714;61877;73543;105328;4849;93812;539539
2021-03-23 00:00:00;126523;74964;61951;73744;105879;4849;94231;540484
2021-03-24 00:00:00;126621;75212;62045;73744;106339;4850;94624;541945
2021-03-25 00:00:00;126684;75440;62142;74420;106799;4850;95010;543293
2021-03-26 00:00:00;126755;75623;62223;75010;107256;4851;95410;544448
2021-03-27 00:00:00;126813;75780;62308;75010;107636;4851;95792;545255
2021-03-28 00:00:00;126834;75870;62397;75010;107933;4851;96123;545696
2021-03-29 00:00:00;126857;75913;62478;75199;108350;4851;96413;546323
2021-03-30 00:00:00;126912;76093;62569;75305;108879;4851;96817;547217
2021-03-31 00:00:00;126955;76342;62665;75459;109346;4851;97219;548285
2021-04-01 00:00:00;127006;76543;62759;75541;109847;4851;97594;549389
2021-04-02 00:00:00;127058;76775;62876;75541;110328;4851;97986;550274
2021-04-03 00:00:00;127068;76895;62999;75698;110704;4851;98363;551028
2021-04-04 00:00:00;127078;76963;63160;75698;111030;4851;98713;551339
2021-04-05 00:00:00;127106;77013;63332;75783;111326;4851;99049;551798
2021-04-06 00:00:00;127126;77103;63506;75911;111747;4851;99431;552626
2021-04-07 00:00:00;127171;77401;63699;76037;112374;4851;99800;555228
2021-04-08 00:00:00;127224;77707;63884;76179;112861;4851;100158;556236
2021-04-09 00:00:00;127284;78003;64039;76328;113579;4852;100554;557144
2021-04-10 00:00:00;127324;78249;64232;76328;113923;4853;100949;557900
2021-04-11 00:00:00;127331;78353;64490;76328;114254;4854;101282;558189
2021-04-12 00:00:00;127346;78452;64764;76525;114612;4854;101552;558632
2021-04-13 00:00:00;127369;78746;65055;76625;115088;4854;101882;559497
2021-04-14 00:00:00;127407;79088;65359;76756;115557;4856;102275;560426
2021-04-15 00:00:00;127438;79381;65680;76882;115937;4856;102667;561335
2021-04-16 00:00:00;127472;79628;66008;76981;116366;4856;103059;562200
2021-04-17 00:00:00;127508;79847;66327;76981;116676;4856;103451;562905
2021-04-18 00:00:00;127518;79914;66732;76981;116927;4856;103834;563255
2021-04-19 00:00:00;127524;80006;67130;77102;117243;4856;104173;563742
2021-04-20 00:00:00;127557;80303;67525;77102;117633;4856;104545;564584
2021-04-21 00:00:00;127577;80634;67913;77364;117997;4856;104937;565468
2021-04-22 00:00:00;127597;80893;68366;77496;118357;4856;105328;566405
2021-04-23 00:00:00;127638;81158;68746;77591;118699;4856;105718;567157
2021-04-24 00:00:00;127670;81444;69120;77591;119021;4857;106108;567917
2021-04-25 00:00:00;127681;81564;69574;77591;119238;4857;106434;568220
2021-04-26 00:00:00;127688;81624;70070;77738;119539;4857;106783;568695
2021-04-27 00:00:00;127705;81968;70532;77855;119912;4857;107167;569365
2021-04-28 00:00:00;127734;82280;70966;77943;120256;4857;107547;570344
2021-04-29 00:00:00;127759;82544;71351;78080;120544;4857;107902;571229
2021-04-30 00:00:00;127775;82850;71758;78216;120807;4857;108290;572033
2021-05-01 00:00:00;127782;83082;72090;78216;121033;4858;108675;572780
2021-05-02 00:00:00;127796;83192;72484;78216;121177;4858;109011;573102
2021-05-03 00:00:00;127797;83276;72875;78293;121433;4858;109341;573578
2021-05-04 00:00:00;127803;83591;73219;78399;121738;4858;109670;574458
2021-05-05 00:00:00;127830;83876;73568;78566;122005;4858;110022;575274
2021-05-06 00:00:00;127843;84126;73906;78726;122263;4858;110366;576071
2021-05-07 00:00:00;127858;84410;74241;78792;122470;4858;110735;576828
2021-05-08 00:00:00;127863;84648;74524;78792;122694;4858;111097;577462
2021-05-09 00:00:00;127865;84775;74910;78792;122833;4858;111425;577719
2021-05-10 00:00:00;127870;84829;75261;78895;123031;4858;111740;578108
2021-05-11 00:00:00;127890;85112;75568;79100;123282;4858;112063;578793
2021-05-12 00:00:00;127901;85380;75934;79208;123544;4858;112410;579580
2021-05-13 00:00:00;127912;85658;76231;79281;123745;4858;112795;580341
2021-05-14 00:00:00;127930;85848;76433;79339;123927;4858;113182;580968
2021-05-15 00:00:00;127937;86025;76633;79339;124063;4858;113541;581497
2021-05-16 00:00:00;127941;86096;76936;79339;124156;4858;113927;581767
2021-05-17 00:00:00;127946;86160;77222;79432;124296;4858;114263;582160
2021-05-18 00:00:00;127953;86381;77532;79502;124497;4860;114619;582937
2021-05-19 00:00:00;127956;86665;77765;79568;124646;4860;115003;583603
2021-05-20 00:00:00;127963;86902;77994;79601;124810;4861;115393;584286
2021-05-21 00:00:00;127972;87128;78194;79620;125028;4861;115764;584904
2021-05-22 00:00:00;127978;87298;78381;79620;125153;4863;116144;585392
2021-05-23 00:00:00;127983;87380;78597;79620;125225;4869;116497;585588
2021-05-24 00:00:00;127986;87423;78848;79711;125335;4875;116812;586022
2021-05-25 00:00:00;128001;87456;79056;79801;125501;4881;117197;586671
2021-05-26 00:00:00;128010;87726;79219;79855;125622;4892;117595;587663
2021-05-27 00:00:00;128020;87995;79384;79888;125793;4905;117990;589019
2021-05-28 00:00:00;128030;88187;79568;79905;125919;4924;118386;589550
2021-05-29 00:00:00;128037;88350;79741;79905;126002;4945;118781;589894
2021-05-30 00:00:00;128043;88406;79939;79905;126046;4955;119130;590044
2021-05-31 00:00:00;128045;88442;80156;79953;126128;4970;119464;590216
2021-06-01 00:00:00;128045;88595;80327;79983;126221;4983;119830;590848
2021-06-02 00:00:00;128057;88774;80488;80049;126283;4995;120217;591410
2021-06-03 00:00:00;128075;88940;80658;80049;126342;5012;120604;592045
2021-06-04 00:00:00;128086;89026;80813;80195;126415;5033;120974;592566
2021-06-05 00:00:00;128099;89148;80941;80196;126472;5070;121365;593150
2021-06-06 00:00:00;128103;89222;81063;80196;126523;5106;121711;593315
2021-06-07 00:00:00;128104;89244;81183;80236;126588;5132;122037;593631
2021-06-08 00:00:00;128118;89384;81362;80309;126690;5154;122409;593950
2021-06-09 00:00:00;128124;89491;81519;80332;126767;5179;122802;594434
2021-06-10 00:00:00;128131;89585;81672;80465;126855;5207;123178;594848
2021-06-11 00:00:00;128148;89687;81796;80501;126924;5231;123568;595381
2021-06-12 00:00:00;128160;89816;81911;80501;126976;5257;123961;595657
2021-06-13 00:00:00;128168;89834;82098;80501;127002;5283;124314;595764
2021-06-14 00:00:00;128171;89844;82217;80517;127038;5298;124681;595948
2021-06-15 00:00:00;128181;89937;82351;80579;127101;5306;125055;596276
2021-06-16 00:00:00;128190;90074;82480;80615;127153;5324;125443;596657
2021-06-17 00:00:00;128209;90179;82619;80634;127190;5343;125853;596953
2021-06-18 00:00:00;128220;90270;82746;80652;127225;5364;126300;597559
2021-06-19 00:00:00;128234;90369;82854;80652;127253;5384;126761;597736
2021-06-20 00:00:00;128240;90385;82965;80652;127270;5395;127206;597811
2021-06-21 00:00:00;128245;90395;83101;80689;127291;5415;127641;598070
2021-06-22 00:00:00;128272;90472;83217;80719;127322;5421;128180;598416
2021-06-23 00:00:00;128291;90523;83329;80748;127352;5445;128719;598814
2021-06-24 00:00:00;128312;90616;83473;80766;127362;5451;129278;599156
2021-06-25 00:00:00;128330;90678;83588;80779;127418;5457;129869;599679
2021-06-26 00:00:00;128353;90746;83711;80779;127458;5470;130479;599836
2021-06-27 00:00:00;128364;90754;83845;80779;127472;5479;131070;599912
2021-06-28 00:00:00;128367;90762;83985;80789;127500;5482;131671;600058
2021-06-29 00:00:00;128390;90819;84127;80829;127542;5490;132314;600387
2021-06-30 00:00:00;128404;90875;84264;80875;127566;5495;132973;600690
2021-07-01 00:00:00;128426;90938;84389;80883;127587;5508;133633;600973
2021-07-02 00:00:00;128453;91007;84516;80911;127615;5523;134302;601406
2021-07-03 00:00:00;128471;91023;84627;80911;127637;5533;134987;601499
2021-07-04 00:00:00;128486;91030;84792;80911;127649;5535;135637;601540
2021-07-05 00:00:00;128495;91031;84949;80934;127680;5537;136279;601655
2021-07-06 00:00:00;128532;91062;85095;80952;127704;5554;137005;601956
2021-07-07 00:00:00;128565;91110;85261;80969;127718;5563;137718;602280
2021-07-08 00:00:00;128601;91141;85397;80997;127731;5566;138441;602526
2021-07-09 00:00:00;128631;91190;85543;81003;127756;5578;139156;602991
2021-07-10 00:00:00;128665;91225;85694;81003;127768;5584;139896;603078
2021-07-11 00:00:00;128691;91231;85859;81003;127775;5588;140635;603198
2021-07-12 00:00:00;128697;91233;86041;81020;127788;5589;141335;603427
2021-07-13 00:00:00;128747;91259;86207;81033;127808;5595;142102;603786
2021-07-14 00:00:00;128797;91287;86391;81043;127831;5601;142877;604115
2021-07-15 00:00:00;128864;91319;86592;81084;127840;5607;143657;604465
2021-07-16 00:00:00;128913;91337;86791;81096;127851;5611;144446;604918
2021-07-17 00:00:00;128960;91359;86966;81096;127864;5612;145222;604995
2021-07-18 00:00:00;128988;91362;87161;81096;127867;5616;145975;605082
2021-07-19 00:00:00;129007;91363;87374;81119;127874;5617;146686;605273
2021-07-20 00:00:00;129109;91397;87624;81148;127884;5621;147457;605561
2021-07-21 00:00:00;129182;91416;87837;81166;127905;5626;148229;605923
2021-07-22 00:00:00;129266;91458;88063;81194;127920;5630;149012;606210
2021-07-23 00:00:00;129330;91492;88273;81221;127937;5635;149796;606767
2021-07-24 00:00:00;129418;91520;88532;81221;127942;5634;150583;606894
2021-07-25 00:00:00;129446;91524;88800;81221;127949;5634;151352;606993
2021-07-26 00:00:00;129460;91527;89122;81268;127971;5634;152069;607252
2021-07-27 00:00:00;129591;91565;89479;81323;127995;5635;152836;607697
2021-07-28 00:00:00;129718;91586;89782;81396;128010;5635;153620;608070
2021-07-29 00:00:00;129809;91607;90074;81442;128029;5635;154404;608389
2021-07-30 00:00:00;129877;91637;90344;81486;128047;5635;155180;609270
2021-07-31 00:00:00;129948;91658;90630;81486;128063;5635;155952;609438
2021-08-01 00:00:00;130013;91659;90996;81486;128068;5637;156726;609660
2021-08-02 00:00:00;130038;91660;91407;81643;128088;5637;157496;610006
2021-08-03 00:00:00;130177;91679;91785;81773;128115;5639;158263;610583
2021-08-04 00:00:00;130298;91704;92194;81844;128136;5639;159032;611124
2021-08-05 00:00:00;130388;91730;92628;81931;128163;5639;159803;611638
2021-08-06 00:00:00;130481;91754;93086;82006;128187;5642;160574;612773
2021-08-07 00:00:00;130585;91778;93473;82006;128209;5654;161343;613028
2021-08-08 00:00:00;130630;91782;94015;82006;128220;5657;162109;613153
2021-08-09 00:00:00;130667;91784;94603;82125;128242;5661;162860;613676
2021-08-10 00:00:00;130813;91803;95111;82227;128273;5662;163629;614511
2021-08-11 00:00:00;130921;91817;95647;82320;128304;5664;164413;615303
2021-08-12 00:00:00;131015;91834;96215;82407;128334;5665;165201;616326
2021-08-13 00:00:00;131115;91853;96742;82470;128379;5667;165996;617377
2021-08-14 00:00:00;131210;91864;97208;82470;128413;5669;166795;617643
2021-08-15 00:00:00;131269;91867;97828;82470;128432;5669;167595;617849
2021-08-16 00:00:00;131296;91871;98483;82595;128456;5669;168384;618876
2021-08-17 00:00:00;131466;91899;99108;82739;128510;5669;169169;619893
2021-08-18 00:00:00;131577;91921;99691;82883;128579;5669;169948;621094
2021-08-19 00:00:00;131690;91943;100255;83004;128634;5674;170716;622872
2021-08-20 00:00:00;131805;91956;100810;83136;128683;5675;171480;624336
2021-08-21 00:00:00;131909;91973;101354;83136;128728;5676;172257;624892
2021-08-22 00:00:00;131958;91976;102038;83136;128751;5676;173003;625103
2021-08-23 00:00:00;131999;91980;102648;83337;128795;5676;173768;626433
2021-08-24 00:00:00;132173;92022;103357;83527;128855;5677;174542;627848
2021-08-25 00:00:00;132323;92061;104022;83690;128914;5678;175328;629389
2021-08-26 00:00:00;132464;92082;104716;83861;128957;5680;176127;631595
2021-08-27 00:00:00;132565;92096;105287;84000;129002;5681;176904;633332
2021-08-28 00:00:00;132699;92118;105901;84000;129056;5681;177679;633972
2021-08-29 00:00:00;132760;92130;106482;84000;129093;5682;178457;634286
2021-08-30 00:00:00;132808;92140;107151;84146;129146;5682;179233;635997
2021-08-31 00:00:00;132859;92200;107794;84340;129221;5683;180009;637423
2021-09-01 00:00:00;133066;92223;108393;84472;129290;5684;180781;639461
2021-09-02 00:00:00;133244;92256;108988;84640;129352;5685;181560;642461
2021-09-03 00:00:00;133365;92301;109549;84795;129410;5685;182341;644397
2021-09-04 00:00:00;133485;92325;110064;84795;129466;5685;183117;645049
2021-09-05 00:00:00;133553;92346;110674;84795;129515;5685;183896;645465
2021-09-06 00:00:00;133598;92354;111257;84928;129567;5685;184672;646091
2021-09-07 00:00:00;133808;92413;111892;85066;129638;5685;185447;648167
2021-09-08 00:00:00;134000;92448;112430;85147;129707;5685;186224;650463
2021-09-09 00:00:00;134167;92498;112935;85218;129766;5686;186999;653681
2021-09-10 00:00:00;134314;92553;113380;85290;129828;5687;187768;656142
2021-09-11 00:00:00;134470;92598;113824;85290;129885;5687;188546;656971
2021-09-12 00:00:00;134526;92606;114311;85290;129919;5687;189319;657342
2021-09-13 00:00:00;134587;92618;114759;85393;129955;5688;190031;659508
2021-09-14 00:00:00;134774;92686;115167;85548;130027;5688;190793;661404
2021-09-15 00:00:00;134975;92769;115619;85638;130100;5688;191566;664148
2021-09-16 00:00:00;135134;92837;116072;85739;130167;5688;192340;667614
2021-09-17 00:00:00;135315;92857;116436;85783;130233;5688;193111;670062
2021-09-18 00:00:00;135479;92920;116791;85783;130284;5688;193891;671046
2021-09-19 00:00:00;135541;92958;117182;85783;130310;5689;194671;671438
2021-09-20 00:00:00;135591;92971;117526;85901;130354;5689;195438;673746
2021-09-21 00:00:00;135795;93052;117905;85983;130421;5689;196235;676190
2021-09-22 00:00:00;135963;93123;118191;86085;130488;5690;197032;678878
2021-09-23 00:00:00;136158;93238;118508;86185;130551;5690;197834;682172
2021-09-24 00:00:00;136338;93303;118792;86229;130603;5690;198644;684647
2021-09-25 00:00:00;136467;93365;119082;86229;130653;5690;199450;685485
2021-09-26 00:00:00;136531;93393;119360;86229;130697;5690;200245;686057
2021-09-27 00:00:00;136571;93403;119649;86298;130742;5691;201015;688323
2021-09-28 00:00:00;136748;93504;119888;86358;130807;5691;201854;690825
2021-09-29 00:00:00;136908;93571;120160;86397;130870;5691;202700;693445
2021-09-30 00:00:00;137045;93638;120428;86415;130921;5691;203549;696250
2021-10-01 00:00:00;137173;93711;120663;86463;130973;5692;204424;698399
2021-10-02 00:00:00;137297;93777;120880;86463;130998;5692;205297;699227
2021-10-03 00:00:00;137340;93786;121109;86463;131031;5692;206179;699756
2021-10-04 00:00:00;137380;93793;121347;86527;131068;5693;207056;701681
2021-10-05 00:00:00;137546;93883;121563;86621;131118;5693;207932;703548
2021-10-06 00:00:00;137694;93959;121779;86678;131157;5693;208842;706204
2021-10-07 00:00:00;137818;94027;122012;86701;131198;5693;209752;708674
2021-10-08 00:00:00;137944;94113;122197;86778;131228;5694;210673;710476
2021-10-09 00:00:00;138101;94178;122370;86778;131274;5695;211627;710906
2021-10-10 00:00:00;138139;94202;122592;86778;131301;5695;212576;711383
2021-10-11 00:00:00;138167;94209;122868;86827;131335;5695;213522;712566
2021-10-12 00:00:00;138351;94297;123081;86827;131384;5695;214476;714856
2021-10-13 00:00:00;138487;94389;123275;86869;131421;5695;215438;718055
2021-10-14 00:00:00;138647;94461;123498;86917;131461;5695;216403;720217
2021-10-15 00:00:00;138792;94526;123695;86974;131503;5695;217382;722018
2021-10-16 00:00:00;138940;94601;123876;86974;131517;5695;218362;722568
2021-10-17 00:00:00;138997;94618;124075;86974;131541;5695;219342;723030
2021-10-18 00:00:00;139042;94628;124256;87030;131585;5695;220323;724809
2021-10-19 00:00:00;139265;94716;124423;87051;131655;5695;221314;726760
2021-10-20 00:00:00;139444;94808;124585;87082;131688;5695;222320;729936
2021-10-21 00:00:00;139562;94875;124763;87102;131724;5695;223331;731927
2021-10-22 00:00:00;139743;94991;124928;87132;131763;5695;224369;733785
2021-10-23 00:00:00;139878;95077;125052;87132;131802;5695;225417;734329
2021-10-24 00:00:00;139950;95100;125223;87132;131826;5695;226464;734587
2021-10-25 00:00:00;139990;95117;125363;87186;131856;5696;227506;736063
2021-10-26 00:00:00;140253;95245;125519;87238;131904;5696;228581;737640
2021-10-27 00:00:00;140462;95359;125716;87289;131954;5696;229672;739693
2021-10-28 00:00:00;140628;95485;125875;87322;132004;5696;230786;741533
2021-10-29 00:00:00;140815;95606;125998;87368;132037;5696;231931;743252
2021-10-30 00:00:00;140981;95696;126126;87368;132074;5696;233063;743627
2021-10-31 00:00:00;141055;95729;126303;87368;132100;5696;234194;743861
2021-11-01 00:00:00;141098;95752;126456;87368;132120;5696;235318;745140
2021-11-02 00:00:00;141390;95833;126616;87423;132161;5696;236462;746411
2021-11-03 00:00:00;141607;96027;126763;87462;132224;5696;237619;748373
2021-11-04 00:00:00;141826;96192;126921;87477;132283;5696;238784;749576
2021-11-05 00:00:00;142019;96346;127053;87504;132334;5696;239943;751696
2021-11-06 00:00:00;142174;96488;127173;87504;132365;5696;241095;752162
2021-11-07 00:00:00;142236;96525;127299;87504;132391;5696;242241;752367
2021-11-08 00:00:00;142293;96558;127439;87558;132423;5696;243405;753624
2021-11-09 00:00:00;142556;96727;127551;87558;132491;5697;244588;755052
2021-11-10 00:00:00;142772;96963;127686;87617;132551;5697;245794;756734
2021-11-11 00:00:00;142971;97198;127809;87647;132618;5697;247000;757608
2021-11-12 00:00:00;143116;97389;127918;87673;132686;5697;248203;760062
2021-11-13 00:00:00;143274;97617;128042;87673;132739;5697;249415;760625
2021-11-14 00:00:00;143337;97672;128167;87673;132775;5697;250609;760826
2021-11-15 00:00:00;143384;97715;128272;87716;132819;5697;251796;762130
2021-11-16 00:00:00;143598;97980;128406;87745;132893;5697;253009;763458
2021-11-17 00:00:00;143799;98274;128531;87775;132965;5697;254229;765104
2021-11-18 00:00:00;143999;98538;128634;87804;133034;5697;255448;766454
2021-11-19 00:00:00;144158;98739;128734;87810;133082;5697;256669;768243
2021-11-20 00:00:00;144308;98987;128852;87810;133131;5697;257891;768695
2021-11-21 00:00:00;144369;99062;128956;87810;133177;5697;259107;768915
2021-11-22 00:00:00;144414;99124;129053;87832;133247;5697;260319;770183
2021-11-23 00:00:00;144579;99433;129177;87866;133330;5697;261526;771553
2021-11-24 00:00:00;144728;99768;129280;87904;133415;5697;262733;773263
2021-11-25 00:00:00;144876;100119;129376;87931;133486;5697;263934;773738
2021-11-26 00:00:00;145036;100476;129462;87955;133537;5697;265134;774110
2021-11-27 00:00:00;145167;100779;129549;87955;133627;5697;266337;774424
2021-11-28 00:00:00;145218;100883;129629;87955;133674;5697;267527;774671
2021-11-29 00:00:00;145253;100956;129711;88008;133739;5697;268705;776606
2021-11-30 00:00:00;145413;101344;129830;88052;133828;5697;269900;778245
2021-12-01 00:00:00;145586;101790;129912;88080;133931;5697;271091;780301
2021-12-02 00:00:00;145728;102178;129988;88122;134003;5697;272279;784199
2021-12-03 00:00:00;145874;102568;130066;88159;134077;5697;273463;785776
2021-12-04 00:00:00;146001;102946;130124;88159;134152;5697;274648;786449
2021-12-05 00:00:00;146055;103040;130200;88159;134195;5697;275824;786837
2021-12-06 00:00:00;146100;103121;130277;88159;134287;5697;276979;788252
2021-12-07 00:00:00;146280;103520;130356;88237;134386;5697;278131;789816
2021-12-08 00:00:00;146442;104047;130446;88237;134472;5697;279280;791629
2021-12-09 00:00:00;146590;104512;130524;88321;134551;5697;280427;793193
2021-12-10 00:00:00;146712;104996;130603;88380;134669;5697;281571;794992
2021-12-11 00:00:00;146844;105506;130661;88381;134765;5697;282713;795593
2021-12-12 00:00:00;146896;105638;130722;88381;134831;5697;283815;795947
2021-12-13 00:00:00;146935;105754;130764;88484;134929;5697;284909;797356
2021-12-14 00:00:00;147085;106227;130831;88542;135049;5697;286023;798905
2021-12-15 00:00:00;147249;106680;130883;88619;135178;5698;287135;801159
2021-12-16 00:00:00;147395;107202;130946;88667;135301;5698;288240;802452
2021-12-17 00:00:00;147506;107639;130992;88708;135421;5698;289292;804303
2021-12-18 00:00:00;147632;108053;131033;88708;135544;5698;290340;804948
2021-12-19 00:00:00;147679;108233;131083;88708;135641;5699;291336;805247
2021-12-20 00:00:00;147723;108352;131124;88793;135778;5699;292331;806828
2021-12-21 00:00:00;147895;108814;131167;88887;135931;5699;293329;808782
2021-12-22 00:00:00;148036;109324;131211;88937;136077;5699;294322;812973
2021-12-23 00:00:00;148186;109749;131262;89019;136245;5699;295296;814359
2021-12-24 00:00:00;148324;110119;131306;89019;136386;5699;296268;815060
2021-12-25 00:00:00;148334;110276;131348;89019;136530;5699;297223;815291
2021-12-26 00:00:00;148337;110364;131400;89019;136611;5699;298165;815640
2021-12-27 00:00:00;148480;110433;131434;89139;136753;5699;299077;817436
2021-12-28 00:00:00;148499;110805;131474;89253;136955;5699;299983;819754
2021-12-29 00:00:00;148557;111219;131527;89331;137091;5699;300886;822106
2021-12-30 00:00:00;148893;111602;131572;89405;137247;5699;301791;823597
2021-12-31 00:00:00;149096;111925;131606;89405;137402;5699;302671;824309
2022-01-01 00:00:00;149251;112109;131639;89405;137513;5699;303496;824701
2022-01-02 00:00:00;149324;112155;131680;89405;137646;5699;304284;825082
2022-01-03 00:00:00;149367;112223;131702;89573;137786;5699;305096;826926
2022-01-04 00:00:00;149417;112579;131736;89689;138045;5699;305906;829230
2022-01-05 00:00:00;149760;112925;131778;89837;138276;5699;306710;831409
2022-01-06 00:00:00;149993;113368;131802;89837;138474;5699;307488;833466
2022-01-07 00:00:00;150222;113632;131821;89934;138697;5699;308258;835862
2022-01-08 00:00:00;150538;113900;131847;89934;138881;5699;309041;836678
2022-01-09 00:00:00;150636;113977;131878;89934;139038;5699;309787;837268
2022-01-10 00:00:00;150712;114029;131915;90136;139265;5699;310513;839282
2022-01-11 00:00:00;151091;114351;131940;90383;139559;5699;311281;841751
2022-01-12 00:00:00;151494;114735;131972;90508;139872;5699;312010;844559
2022-01-13 00:00:00;151831;115051;132002;90620;140188;5700;312733;847076
2022-01-14 00:00:00;152107;115337;132026;90759;140548;5700;313458;849814
2022-01-15 00:00:00;152395;115572;132044;90759;140856;5700;314166;850789
2022-01-16 00:00:00;152484;115619;132075;90759;141104;5700;314838;851530
2022-01-17 00:00:00;152577;115649;132095;90993;141391;5700;315495;852555
2022-01-18 00:00:00;153015;115842;132113;91277;141825;5700;316168;855241
2022-01-19 00:00:00;153376;116081;132132;91437;142205;5700;316852;858680
2022-01-20 00:00:00;153710;116315;132152;91599;142590;5700;317523;861577
2022-01-21 00:00:00;153999;116485;132172;91741;142963;5700;318200;864936
2022-01-22 00:00:00;154296;116664;132202;91741;143296;5700;318869;865903
2022-01-23 00:00:00;154374;116718;132230;91741;143523;5700;319536;866612
2022-01-24 00:00:00;154430;116746;132251;91994;143875;5700;320178;868777
2022-01-25 00:00:00;154872;116960;132274;92376;144343;5700;320844;871945
2022-01-26 00:00:00;155218;117126;132303;92591;144770;5700;321484;875782
2022-01-27 00:00:00;155561;117314;132333;92767;145159;5700;322135;878366
2022-01-28 00:00:00;155840;117484;132356;92966;145537;5700;322796;882467
2022-01-29 00:00:00;156136;117666;132380;92966;145914;5700;323452;883632
2022-01-30 00:00:00;156222;117725;132424;92966;146149;5700;324060;884103
2022-01-31 00:00:00;156280;117786;132454;93225;146498;5700;324672;886725
2022-02-01 00:00:00;157401;117974;132504;93633;146925;5700;325321;890067
2022-02-02 00:00:00;157936;118170;132563;93857;147320;5700;325986;893634
2022-02-03 00:00:00;158264;118334;132624;94040;147734;5700;326642;896083
2022-02-04 00:00:00;158520;118504;132681;94040;148167;5700;327310;900188
2022-02-05 00:00:00;158781;118676;132745;94040;148542;5700;328014;901072
2022-02-06 00:00:00;158856;118717;132830;94040;148771;5700;328664;901530
2022-02-07 00:00:00;158903;118766;132934;94570;149097;5700;329264;904596
2022-02-08 00:00:00;159218;118943;133048;94931;149512;5700;329951;907564
2022-02-09 00:00:00;159501;119215;133164;95213;149896;5702;330609;910991
2022-02-10 00:00:00;159713;119453;133294;95606;150221;5703;331300;914256
2022-02-11 00:00:00;159909;119679;133437;95995;150555;5703;332010;916953
2022-02-12 00:00:00;160076;119877;133570;95995;150824;5706;332727;917767
2022-02-13 00:00:00;160128;119935;133718;95995;151015;5706;333421;918339
2022-02-14 00:00:00;160164;119977;133886;96596;151296;5708;334093;921542
2022-02-15 00:00:00;160400;120220;134053;96906;151684;5712;334785;924104
2022-02-16 00:00:00;160599;120467;134238;97350;151962;5715;335521;927286
2022-02-17 00:00:00;160785;120728;134420;97710;152282;5726;336299;930209
2022-02-18 00:00:00;160946;120992;134607;97998;152596;5747;337074;932695
2022-02-19 00:00:00;161074;121202;134798;97998;152848;5764;337860;933353
2022-02-20 00:00:00;161148;121275;135040;97998;152989;5776;338595;933791
2022-02-21 00:00:00;161179;121297;135276;98462;153190;5788;339319;934709
2022-02-22 00:00:00;161384;121603;135499;98635;153512;5824;340101;936882
2022-02-23 00:00:00;161549;121902;135726;98936;153764;5873;340872;939974
2022-02-24 00:00:00;161675;122145;135952;99162;154013;5913;341624;942931
2022-02-25 00:00:00;161797;122371;136166;99410;154206;5986;342397;944997
2022-02-26 00:00:00;161797;122621;136390;99410;154416;6066;343178;945734
2022-02-27 00:00:00;161797;122678;136631;99410;154560;6148;343934;945957
2022-02-28 00:00:00;161934;122702;136838;99410;154767;6233;344655;948109
2022-03-01 00:00:00;162203;122937;137064;99883;155000;6479;345427;949886
2022-03-02 00:00:00;162278;123238;137267;100037;155214;6657;346197;951977
2022-03-03 00:00:00;162472;123505;137439;100239;155399;6855;346967;953681
2022-03-04 00:00:00;162582;123796;137593;100413;155609;7043;347730;955411
2022-03-05 00:00:00;162582;124051;137747;100413;155782;7263;348467;955703
2022-03-06 00:00:00;162582;124102;137948;100413;155887;7496;349196;955915
2022-03-07 00:00:00;162722;124126;138116;100574;156017;7776;349853;957623
2022-03-08 00:00:00;162936;124450;138260;100859;156201;8067;350490;959029
2022-03-09 00:00:00;163059;124764;138433;100992;156357;8358;351124;961049
2022-03-10 00:00:00;163203;125023;138572;101077;156493;8639;351776;962821
2022-03-11 00:00:00;163317;125272;138711;101135;156649;8933;352437;964463
2022-03-12 00:00:00;163317;125521;138831;101135;156782;9218;353054;964722
2022-03-13 00:00:00;163317;125571;138949;101135;156868;9482;353635;964914
2022-03-14 00:00:00;163454;125590;139063;101135;156997;9768;354157;966240
2022-03-15 00:00:00;163680;125873;139180;101416;157177;10057;354702;967325
2022-03-16 00:00:00;163833;126142;139289;101416;157314;10336;355267;969158
2022-03-17 00:00:00;163972;126420;139387;101416;157442;10625;355816;970667
2022-03-18 00:00:00;164099;126646;139478;101703;157607;10890;356327;971478
2022-03-19 00:00:00;164099;126867;139550;101703;157692;11141;356812;971759
2022-03-20 00:00:00;164099;126916;139610;101703;157785;11387;357234;971846
2022-03-21 00:00:00;164266;126929;139662;101703;157904;11610;357634;973379
2022-03-22 00:00:00;164516;127193;139735;102053;158101;11855;358093;973943
2022-03-23 00:00:00;164712;127522;139802;102053;158254;12060;358510;975581
2022-03-24 00:00:00;164874;127822;139865;102053;158436;12261;358919;976443
2022-03-25 00:00:00;165046;128110;139917;102392;158582;12453;359307;977063
2022-03-26 00:00:00;165046;128388;139971;102392;158700;12592;359693;977210
2022-03-27 00:00:00;165046;128437;140021;102392;158782;12743;360021;977270
2022-03-28 00:00:00;165264;128457;140063;102392;158877;12911;360347;978302
2022-03-29 00:00:00;165569;128764;140109;102218;159054;13062;360674;979286
2022-03-30 00:00:00;165782;129112;140158;102218;159224;13197;361014;980454
2022-03-31 00:00:00;165977;129708;140204;102218;159383;13316;361348;980971
2022-04-01 00:00:00;166168;129695;140240;102541;159537;13436;361679;981803
2022-04-02 00:00:00;166168;129987;140277;102541;159666;13552;362008;981961
2022-04-03 00:00:00;166168;130052;140315;102541;159784;13663;362304;982020
2022-04-04 00:00:00;166378;130052;140368;102541;159909;13753;362581;982609
2022-04-05 00:00:00;166751;130368;140407;102747;160103;13840;362890;983122
2022-04-06 00:00:00;169698;131036;140451;102747;160253;13951;363175;984248
2022-04-07 00:00:00;170020;131370;140492;102747;160402;14048;363455;985075
2022-04-08 00:00:00;170367;131679;140528;103104;160546;14134;363731;985716
2022-04-09 00:00:00;170367;131715;140577;103104;160658;14197;364011;985859
2022-04-10 00:00:00;170367;131728;140616;103104;160748;14262;364265;985884
2022-04-11 00:00:00;170715;132017;140650;103104;160863;14319;364506;986223
2022-04-12 00:00:00;171004;132378;140678;103104;161032;14378;364779;986839
2022-04-13 00:00:00;171662;132688;140711;103104;161187;14440;365038;987787
2022-04-14 00:00:00;172014;132900;140744;103104;161336;14494;365285;988490
2022-04-15 00:00:00;172014;132929;140777;103104;161469;14561;365540;988951
2022-04-16 00:00:00;172014;132942;140800;103104;161602;14602;365774;989002
2022-04-17 00:00:00;172014;132953;140829;103104;161687;14631;366001;989013
2022-04-18 00:00:00;172014;132960;140854;103104;161766;14661;366209;989274
2022-04-19 00:00:00;172498;133308;140877;103104;161893;14687;366436;989716
2022-04-20 00:00:00;173012;133632;140896;103721;162098;14697;366654;990611
2022-04-21 00:00:00;173659;133921;140919;103721;162264;14731;366845;991053
2022-04-22 00:00:00;173984;134155;140940;103908;162466;14757;367036;991611
2022-04-23 00:00:00;173985;134179;140952;103908;162609;14778;367203;991665
2022-04-24 00:00:00;173985;134185;140975;103908;162688;14830;367366;991696
2022-04-25 00:00:00;174326;134489;140996;103908;162781;14899;367521;991983
2022-04-26 00:00:00;174778;134489;141024;104227;162927;14958;367692;992311
2022-04-27 00:00:00;175082;135078;141041;104227;163113;15016;367850;993117
2022-04-28 00:00:00;175330;135292;141058;104227;163244;15070;368011;993525
2022-04-29 00:00:00;175552;135451;141072;104456;163377;15135;368166;993954
2022-04-30 00:00:00;175552;135461;141083;104456;163507;15233;368319;994069
2022-05-01 00:00:00;175552;135461;141096;104456;163612;15273;368463;994095
2022-05-02 00:00:00;175552;135701;141114;104456;163736;15298;368595;994384
2022-05-03 00:00:00;175959;135942;141131;104668;163889;15329;368716;995135
2022-05-04 00:00:00;176188;136125;141138;104668;164041;15350;368840;997080
2022-05-05 00:00:00;176626;136339;141145;104668;164179;15372;368974;997388
2022-05-06 00:00:00;176860;136523;141157;104869;164304;15406;369106;997759
2022-05-07 00:00:00;176860;136533;141165;104869;164417;15414;369236;997943
2022-05-08 00:00:00;176860;136538;141177;104869;164489;15427;369350;997968
2022-05-09 00:00:00;177072;136756;141189;105123;164573;15469;369451;998215
2022-05-10 00:00:00;177358;136987;141192;105123;164731;15493;369548;998544
2022-05-11 00:00:00;177566;137184;141198;105123;164846;15509;369644;999470
2022-05-12 00:00:00;177752;137348;141201;105123;164976;15529;369752;999526
2022-05-13 00:00:00;177903;137492;141209;105444;165091;15533;369855;999724
2022-05-14 00:00:00;177904;137499;141216;105444;165182;15618;369961;999780
2022-05-15 00:00:00;177905;137499;141224;105444;165244;15642;370057;999813
2022-05-16 00:00:00;178063;137714;141232;105444;165346;15672;370145;1000057
2022-05-17 00:00:00;178248;137888;141236;105642;165494;15713;370252;1000434
2022-05-18 00:00:00;178378;138053;141244;105642;165630;15759;370354;1001389
2022-05-19 00:00:00;178547;138204;141253;105642;165738;15819;370449;1001714
2022-05-20 00:00:00;178636;138324;141262;105642;165827;15873;370542;1002122
2022-05-21 00:00:00;178636;138325;141271;105952;165918;15935;370642;1002190
2022-05-22 00:00:00;178636;138326;141274;105952;165952;15989;370721;1002215
2022-05-23 00:00:00;178744;138485;141281;105952;166032;16030;370795;1002415
2022-05-24 00:00:00;178880;138643;141288;105947;166127;16072;370882;1002764
2022-05-25 00:00:00;178973;138779;141293;105947;166264;16151;370972;1003821
2022-05-26 00:00:00;179064;138781;141296;106105;166358;16258;371061;1004121
2022-05-27 00:00:00;179126;138854;141302;106341;166476;16385;371141;1004693
2022-05-28 00:00:00;179128;138862;141306;106341;166542;16549;371223;1004726
2022-05-29 00:00:00;179128;138864;141308;106341;166569;16658;371306;1004733
2022-05-30 00:00:00;179212;139000;141310;106341;166631;16769;371378;1004760
2022-05-31 00:00:00;179322;139091;141315;106341;166697;16859;371464;1007032