"DateTime";"Великобритания";"Германия";"Иран";"Испания";"Италия";"Китай";"Россия";"США";"Турция";"Франция"
2020-01-22 00:00:00;0;0;0;0;0;549;0;1;0;0
2020-01-23 00:00:00;0;0;0;0;0;644;0;1;0;0
2020-01-24 00:00:00;0;0;0;0;0;923;0;2;0;2
2020-01-25 00:00:00;0;0;0;0;0;1409;0;2;0;3
2020-01-26 00:00:00;0;0;0;0;0;2079;0;5;0;3
2020-01-27 00:00:00;0;1;0;0;0;2882;0;5;0;3
2020-01-28 00:00:00;0;4;0;0;0;5517;0;5;0;4
2020-01-29 00:00:00;0;4;0;0;0;6095;0;6;0;5
2020-01-30 00:00:00;0;4;0;0;0;8150;0;6;0;5
2020-01-31 00:00:00;2;5;0;0;2;9812;2;8;0;5
2020-02-01 00:00:00;2;8;0;1;2;11901;2;8;0;6
2020-02-02 00:00:00;2;10;0;1;2;16640;2;8;0;6
2020-02-03 00:00:00;8;12;0;1;2;19726;2;11;0;6
2020-02-04 00:00:00;8;12;0;1;2;23718;2;11;0;6
2020-02-05 00:00:00;9;12;0;1;2;27451;2;11;0;6
2020-02-06 00:00:00;9;12;0;1;2;30603;2;12;0;6
2020-02-07 00:00:00;9;13;0;1;3;34126;2;12;0;6
2020-02-08 00:00:00;13;13;0;1;3;36831;2;12;0;11
2020-02-09 00:00:00;14;14;0;2;3;39847;2;12;0;11
2020-02-10 00:00:00;14;14;0;2;3;42372;2;12;0;11
2020-02-11 00:00:00;15;16;0;2;3;44404;2;13;0;11
2020-02-12 00:00:00;16;16;0;2;3;44777;2;13;0;11
2020-02-13 00:00:00;17;16;0;2;3;59913;2;14;0;11
2020-02-14 00:00:00;18;16;0;2;3;66376;2;14;0;11
2020-02-15 00:00:00;18;16;0;2;3;68431;2;14;0;12
2020-02-16 00:00:00;18;16;0;2;3;70533;2;14;0;12
2020-02-17 00:00:00;19;16;0;2;3;72456;2;14;0;12
2020-02-18 00:00:00;19;16;0;2;3;74233;2;14;0;12
2020-02-19 00:00:00;20;16;2;2;3;74642;2;14;0;12
2020-02-20 00:00:00;22;16;5;2;3;75101;2;14;0;12
2020-02-21 00:00:00;23;16;18;2;20;75576;2;16;0;12
2020-02-22 00:00:00;23;16;28;2;62;77027;2;16;0;12
2020-02-23 00:00:00;28;16;43;2;155;77050;2;16;0;12
2020-02-24 00:00:00;30;16;61;2;229;77271;2;16;0;12
2020-02-25 00:00:00;34;17;95;6;322;77785;2;16;0;14
2020-02-26 00:00:00;37;27;139;13;453;78198;2;16;0;18
2020-02-27 00:00:00;44;46;245;15;655;78632;2;17;0;38
2020-02-28 00:00:00;56;48;388;32;888;78962;2;17;0;57
2020-02-29 00:00:00;61;79;593;45;1128;79395;2;25;0;100
2020-03-01 00:00:00;94;130;978;84;1694;79972;2;32;0;130
2020-03-02 00:00:00;134;159;1501;120;2036;80177;3;55;0;191
2020-03-03 00:00:00;189;196;2336;165;2502;80303;3;74;0;212
2020-03-04 00:00:00;246;262;2922;222;3089;80428;3;107;0;288
2020-03-05 00:00:00;295;482;3513;259;3858;80581;4;184;0;426
2020-03-06 00:00:00;374;670;4747;400;4636;80735;13;237;0;616
2020-03-07 00:00:00;429;799;5823;500;5883;80815;13;403;0;948
2020-03-08 00:00:00;483;1040;6566;673;7375;80868;17;519;0;1125
2020-03-09 00:00:00;630;1176;7161;1073;9172;80905;17;594;0;1411
2020-03-10 00:00:00;889;1457;8042;1695;10149;80934;20;782;0;1783
2020-03-11 00:00:00;1301;1908;9000;2277;12462;80969;20;1147;1;2293
2020-03-12 00:00:00;1790;2078;10075;2277;15113;80981;28;1586;1;2293
2020-03-13 00:00:00;2270;3675;11364;5232;17660;80995;45;2219;5;3681
2020-03-14 00:00:00;2634;4585;12729;6391;21157;81030;59;2978;5;4496
2020-03-15 00:00:00;3077;5795;13938;7798;24747;81062;63;3212;6;4532
2020-03-16 00:00:00;3692;7272;14991;9942;27980;81100;90;4679;18;6683
2020-03-17 00:00:00;4462;9257;16169;11748;31506;81135;114;6512;47;7715
2020-03-18 00:00:00;5468;12327;17361;13910;35713;81202;147;9169;98;9124
2020-03-19 00:00:00;6534;15320;18407;17963;41035;81264;199;13663;192;10970
2020-03-20 00:00:00;7792;19848;19644;20410;47021;81385;253;20030;359;12758
2020-03-21 00:00:00;9007;22213;20610;25374;53578;81458;306;26025;670;14463
2020-03-22 00:00:00;10395;24873;21638;28768;59138;81604;367;34944;1236;16761
2020-03-23 00:00:00;12744;29056;23049;35136;63927;81693;438;46096;1529;20120
2020-03-24 00:00:00;15126;32986;24811;39885;69176;81806;495;56714;1872;22372
2020-03-25 00:00:00;17843;37323;27017;49515;74386;81896;658;68841;2433;25331
2020-03-26 00:00:00;20970;43938;29406;57786;80589;82034;840;86662;3629;29252
2020-03-27 00:00:00;24219;50871;32332;65719;86498;82164;1036;105253;5698;33045
2020-03-28 00:00:00;27062;57695;35408;73235;92472;82282;1264;127417;7402;37693
2020-03-29 00:00:00;29954;62095;38309;80110;97689;82420;1534;143544;9217;40296
2020-03-30 00:00:00;34281;66885;41495;87956;101739;82504;1836;165698;10827;44645
2020-03-31 00:00:00;38815;71808;44605;95923;105792;82601;2337;192079;13531;52281
2020-04-01 00:00:00;43789;77872;47593;104118;110574;82690;2777;224311;15679;57125
2020-04-02 00:00:00;48718;84794;50468;112065;115242;82771;3548;256541;18135;59227
2020-04-03 00:00:00;53699;91159;53183;119199;119827;82859;4149;289023;20921;64452
2020-04-04 00:00:00;57772;96092;55743;126168;124632;82898;4731;321199;23934;47376
2020-04-05 00:00:00;61422;100123;58226;131646;128948;82965;5389;350803;27069;48225
2020-04-06 00:00:00;66738;103374;60500;136675;132547;83038;6343;382661;30217;50884
2020-04-07 00:00:00;72224;107663;62589;141942;135586;83094;7497;413004;34109;47395
2020-04-08 00:00:00;77387;113296;64586;148220;139422;83188;8672;444153;38226;51250
2020-04-09 00:00:00;82293;118181;66220;153222;143626;83263;10131;480596;42282;55034
2020-04-10 00:00:00;86660;122171;68192;158273;147577;83323;11917;514943;47029;56600
2020-04-11 00:00:00;90273;124908;70029;163027;152271;83399;13584;544221;52167;58045
2020-04-12 00:00:00;93812;127854;71686;166831;156363;83522;15770;571093;56956;108792
2020-04-13 00:00:00;98017;130072;73303;170099;159516;83606;18328;598017;61049;111933
2020-04-14 00:00:00;102365;131359;74877;172541;162488;83699;21102;626412;65111;129381
2020-04-15 00:00:00;107465;134753;76389;177644;165155;83751;24490;652312;69392;132588
2020-04-16 00:00:00;112808;137698;77995;184948;168941;83798;27938;682268;74193;145166
2020-04-17 00:00:00;117798;141397;79494;190839;172434;84155;32008;715425;78546;147057
2020-04-18 00:00:00;122534;143342;80868;191726;175925;84185;36793;743419;82329;150861
2020-04-19 00:00:00;126394;145184;82211;198674;178972;84225;42853;769342;86306;151955
2020-04-20 00:00:00;131260;147065;83505;200210;181228;84239;47121;799022;90980;154402
2020-04-21 00:00:00;136035;148291;84802;204178;183957;84278;52763;825192;95591;157068
2020-04-22 00:00:00;141540;150648;85996;208389;187327;84294;57999;854611;98674;158867
2020-04-23 00:00:00;146708;153129;87026;213024;189973;84311;62773;887380;101790;157158
2020-04-24 00:00:00;151689;154999;88194;202990;192994;84327;68622;919532;104912;159969
2020-04-25 00:00:00;155453;156513;89328;205905;195351;84338;74588;950526;107773;161647
2020-04-26 00:00:00;158926;157770;90481;207634;197675;84341;80949;977073;110130;162280
2020-04-27 00:00:00;163630;158758;91472;209465;199414;84347;87147;1000823;112261;165966
2020-04-28 00:00:00;168357;159912;92584;210773;201505;84369;93558;1025513;114653;169098
2020-04-29 00:00:00;173807;161539;93657;212917;203591;84373;99399;1051733;117589;167643
2020-04-30 00:00:00;178771;163009;94640;213435;205463;84385;106498;1080974;120204;168861
2020-05-01 00:00:00;183501;164077;95646;215216;207428;84388;114431;1115995;122392;169387
2020-05-02 00:00:00;186731;164967;96448;216582;209328;84391;124054;1143819;124375;170179
2020-05-03 00:00:00;189708;165664;97424;217466;210717;84400;134687;1168311;126045;170540
2020-05-04 00:00:00;193091;166152;98647;218011;211938;84404;145268;1192024;127659;171102
2020-05-05 00:00:00;196780;167007;99970;219329;213013;84406;155370;1216353;129491;172219
2020-05-06 00:00:00;200616;168162;101650;220325;214457;84409;165929;1240616;131744;176355
2020-05-07 00:00:00;204387;169430;103135;221447;215858;84415;177160;1268273;133721;177096
2020-05-08 00:00:00;207439;170588;104691;222857;217185;84416;187859;1295545;135569;177627
2020-05-09 00:00:00;209589;171324;106220;223578;218268;84430;198676;1319991;137115;178155
2020-05-10 00:00:00;211911;171879;107603;224350;219070;84450;209688;1339139;138657;178404
2020-05-11 00:00:00;215500;172576;109286;227436;219814;84451;221344;1358173;139771;178719
2020-05-12 00:00:00;218895;173171;110767;228030;221216;84458;232243;1381016;141475;179472
2020-05-13 00:00:00;222195;174098;112725;228691;222104;84464;242271;1401592;143114;179993
2020-05-14 00:00:00;224813;174478;114533;229540;223096;84469;252245;1428124;144749;180635
2020-05-15 00:00:00;227334;175233;116635;230183;223885;84478;262843;1452945;146457;181148
2020-05-16 00:00:00;229406;175752;118392;230698;224760;84484;272043;1477178;148067;181563
2020-05-17 00:00:00;231232;176369;120198;230698;225435;84494;281752;1495976;149435;181703
2020-05-18 00:00:00;233809;176551;122492;231606;225886;84503;290678;1518110;150593;182147
2020-05-19 00:00:00;236867;177778;124603;232037;226699;84503;299941;1538870;151615;182648
2020-05-20 00:00:00;239579;178473;126949;232555;227364;84503;308705;1561592;152587;183129
2020-05-21 00:00:00;242133;179021;129341;233037;228006;84503;317554;1587398;153548;183396
2020-05-22 00:00:00;244174;179710;131652;234824;228658;84522;326448;1611017;154500;184152
2020-05-23 00:00:00;245682;179986;133521;235290;229327;84525;335882;1631996;155686;184698
2020-05-24 00:00:00;247037;180328;135701;235772;229858;84536;344481;1652587;156827;184259
2020-05-25 00:00:00;248650;180600;137724;235400;230158;84543;353427;1671240;157814;184584
2020-05-26 00:00:00;250309;181200;139511;236259;230555;84544;362342;1689816;158762;184839
2020-05-27 00:00:00;252118;181524;141591;236259;231139;84547;370680;1709222;159797;185012
2020-05-28 00:00:00;253854;182196;143849;237906;231732;84547;379051;1730868;160979;188355
2020-05-29 00:00:00;255362;182922;146668;238564;232248;84565;387623;1755604;162120;188949
2020-05-30 00:00:00;256469;183189;148950;239228;232664;84570;396575;1779688;163103;190743
2020-05-31 00:00:00;257539;183410;151466;239479;232997;84588;405843;1799142;163942;190975
2020-06-01 00:00:00;258983;183594;154445;239638;233197;84597;414328;1816107;164769;191382
2020-06-02 00:00:00;260453;183879;157562;239932;233515;84604;423186;1837390;165555;190735
2020-06-03 00:00:00;261802;184121;160696;240326;233836;84603;431715;1857161;166422;187509
2020-06-04 00:00:00;263040;184472;164270;240660;234013;84614;440538;1878884;167410;191869
2020-06-05 00:00:00;264150;184924;167156;240978;234531;84620;449256;1903885;168340;192450
2020-06-06 00:00:00;264944;185450;169425;241310;234801;84629;458102;1925183;169218;193022
2020-06-07 00:00:00;265662;185750;171789;241550;234998;84634;467073;1943596;170132;193363
2020-06-08 00:00:00;266756;186109;173832;241717;235278;84638;476043;1960100;171121;193637
2020-06-09 00:00:00;267915;186506;175927;241966;235561;84641;484630;1978192;172114;194190
2020-06-10 00:00:00;269101;186522;177938;242280;235763;84652;493023;1999260;173036;194815
2020-06-11 00:00:00;270108;186691;180156;242707;236142;84659;501800;2021642;174023;195179
2020-06-12 00:00:00;271162;187226;182525;243209;236305;84671;510761;2046968;175218;195980
2020-06-13 00:00:00;272050;187267;184955;243605;236651;84729;519458;2071940;176677;196477
2020-06-14 00:00:00;272857;187518;187427;243928;236989;84778;528267;2091360;178239;196867
2020-06-15 00:00:00;273888;187682;189876;244109;237290;84823;536484;2109882;179831;197003
2020-06-16 00:00:00;274971;188252;192439;244328;237500;84867;544725;2133721;181298;197666
2020-06-17 00:00:00;275970;188604;195051;244683;237828;84903;552549;2161110;182727;198155
2020-06-18 00:00:00;276990;189817;197647;245268;238159;84940;560321;2189425;184031;198741
2020-06-19 00:00:00;277974;190299;200262;245575;238011;84940;568292;2221122;185245;199528
2020-06-20 00:00:00;278640;190670;202584;245938;238275;84999;576162;2253735;186493;200147
2020-06-21 00:00:00;279264;191272;204952;246272;238499;85018;583879;2279924;187685;200490
2020-06-22 00:00:00;280156;191768;207525;246504;238720;85070;591465;2310897;188897;200632
2020-06-23 00:00:00;281038;192480;209970;246752;238833;85099;598878;2348119;190165;201330
2020-06-24 00:00:00;281815;192871;212501;247086;239410;85119;606043;2384350;191657;201598
2020-06-25 00:00:00;282512;193371;215096;247486;239706;85148;613148;2424718;193115;201853
2020-06-26 00:00:00;283151;194036;217724;247905;239961;85172;619936;2470928;194511;203116
2020-06-27 00:00:00;283785;194458;220180;248469;240136;85190;626779;2512665;195883;203564
2020-06-28 00:00:00;284192;194693;222669;248770;240310;85204;633563;2554527;197239;203157
2020-06-29 00:00:00;284812;195042;225205;248970;240436;85227;640246;2594168;198613;203802
2020-06-30 00:00:00;285216;195418;227662;249271;240578;85232;646929;2642480;199906;204244
2020-07-01 00:00:00;285279;195893;230211;249659;240760;85263;653479;2694046;201098;205234
2020-07-02 00:00:00;285285;196370;232863;250103;240961;85278;660231;2750394;202284;205773
2020-07-03 00:00:00;285787;196780;235429;250545;241184;85287;666941;2803014;203456;206312
2020-07-04 00:00:00;286412;197198;237878;250545;241419;85306;673564;2851960;204610;206670
2020-07-05 00:00:00;286931;197523;240438;250545;241611;85320;680283;2902397;205758;206682
2020-07-06 00:00:00;287290;198064;243051;251789;241819;85338;686852;2945198;206844;207700
2020-07-07 00:00:00;287874;198343;245688;252130;241956;85366;693215;3004056;207897;208154
2020-07-08 00:00:00;288511;198699;248379;252513;242149;85399;699749;3063780;208938;208976
2020-07-09 00:00:00;289154;199001;250458;253056;242363;85441;706240;3124656;209962;209420
2020-07-10 00:00:00;289678;199332;252720;253908;242639;85441;712863;3192434;210965;210135
2020-07-11 00:00:00;290504;199709;255117;253908;242827;85522;719449;3253803;211981;210386
2020-07-12 00:00:00;291154;199919;257303;253908;243061;85568;726036;3314487;212993;210402
2020-07-13 00:00:00;291691;200180;259652;255953;243230;85568;732547;3372046;214001;211825
2020-07-14 00:00:00;292931;200456;262173;256619;243344;85677;738787;3438484;214993;211887
2020-07-15 00:00:00;293469;200890;264561;257494;243506;85697;745197;3506442;215940;212614
2020-07-16 00:00:00;294116;201450;267061;258855;243736;85778;751612;3582466;216873;213183
2020-07-17 00:00:00;294803;202045;269440;260255;243967;85853;758001;3654708;217799;214009
2020-07-18 00:00:00;295632;202426;271606;260255;244216;85869;764215;3718505;218717;214174
2020-07-19 00:00:00;296358;202735;273788;260255;244434;85954;770311;3779954;219641;214178
2020-07-20 00:00:00;296944;203325;276202;264836;244624;86073;776212;3840166;220572;216089
2020-07-21 00:00:00;297389;203717;278827;266194;244752;86159;782040;3905747;221500;216684
2020-07-22 00:00:00;297952;204276;281413;267551;245032;86361;787890;3976127;222402;217605
2020-07-23 00:00:00;298731;204881;284034;270166;245338;86500;793720;4044379;223315;218841
2020-07-24 00:00:00;299500;205623;286523;272421;245590;86660;799499;4118527;224252;219932
2020-07-25 00:00:00;300270;206278;288839;272421;245864;86839;805332;4185522;225173;220016
2020-07-26 00:00:00;301020;206667;291172;272421;246118;87028;811073;4241675;226100;220020
2020-07-27 00:00:00;301708;207112;293606;278782;246286;87245;816680;4297841;227019;222508
2020-07-28 00:00:00;302261;207707;296273;280610;246488;87457;822060;4361529;227982;223072
2020-07-29 00:00:00;303063;208546;298909;282641;246776;87680;827509;4429904;228924;224542
2020-07-30 00:00:00;303910;209535;301530;285430;247158;87956;832993;4497870;229891;225936
2020-07-31 00:00:00;304793;210399;304204;288522;247537;88122;838461;4566339;230873;227239
2020-08-01 00:00:00;305562;211005;306752;288522;247832;88301;843890;4625471;231869;227301
2020-08-02 00:00:00;306309;211220;309437;288522;248070;88460;849277;4671478;232856;227304
2020-08-03 00:00:00;307251;212111;312035;297054;248229;88573;854641;4716762;233851;230665
2020-08-04 00:00:00;307926;212828;314786;302814;248419;88682;859762;4771736;234934;231636
2020-08-05 00:00:00;308832;214113;317483;305767;248803;88804;864948;4827619;236112;233344
2020-08-06 00:00:00;309796;215039;320117;309855;249204;88937;870187;4884849;237265;234945
2020-08-07 00:00:00;310696;216196;322567;314362;249756;89057;875378;4945913;238450;237332
2020-08-08 00:00:00;311461;216903;324692;314362;250103;89151;880563;5001089;239622;237402
2020-08-09 00:00:00;312574;217288;326712;314362;250566;89270;885718;5049226;240804;237408
2020-08-10 00:00:00;313392;218508;328844;322980;250825;89383;890799;5094446;241997;242168
2020-08-11 00:00:00;314542;219540;331189;326612;251237;89438;895691;5147047;243180;243576
2020-08-12 00:00:00;315581;220859;333699;329784;251713;89526;900745;5199850;244392;246180
2020-08-13 00:00:00;316729;222281;336324;337334;252235;89625;905762;5251379;245635;248850
2020-08-14 00:00:00;318190;223791;338825;342813;252809;89695;910778;5316452;246861;251764
2020-08-15 00:00:00;319232;224488;341070;342813;253438;89761;915808;5366108;248117;254974
2020-08-16 00:00:00;320343;225007;343203;342813;253915;89859;920719;5406212;249309;257994
2020-08-17 00:00:00;321064;226700;345450;359082;254235;89926;925558;5441874;250542;258629
2020-08-18 00:00:00;322177;228120;347835;364196;254636;89980;930276;5484779;251805;260748
2020-08-19 00:00:00;323008;229706;350279;370867;255278;90013;935066;5529042;253108;264535
2020-08-20 00:00:00;324203;231292;352558;377906;256118;90053;939833;5573631;254520;269335
2020-08-21 00:00:00;325263;233029;354764;386054;257065;90103;944671;5622420;255723;274289
2020-08-22 00:00:00;326595;233861;356792;386054;258136;90141;949531;5666825;257032;277763
2020-08-23 00:00:00;327643;234494;358905;386054;259345;90182;954328;5701391;258249;282498
2020-08-24 00:00:00;328620;236122;361150;405436;260298;90205;959016;5736272;259692;284474
2020-08-25 00:00:00;329821;237583;363363;412553;261174;90239;963655;5777199;261194;288067
2020-08-26 00:00:00;330967;239010;365606;419849;262540;90271;968297;5821155;262507;288354
2020-08-27 00:00:00;332509;240571;367796;429507;263949;90301;972972;5867143;263998;299580
2020-08-28 00:00:00;333806;242126;369911;439286;265409;90323;977730;5913677;265515;307205
2020-08-29 00:00:00;334916;242835;371816;439286;266853;90351;982573;5957918;267064;312665
2020-08-30 00:00:00;336668;243305;373570;439286;268218;90383;987470;5992846;268546;318047
2020-08-31 00:00:00;338083;244802;375212;462858;269214;90402;992402;6025460;270133;321160
2020-09-01 00:00:00;339415;246015;376894;470973;270189;90421;997072;6068403;271705;326264
2020-09-02 00:00:00;340929;247411;378752;479554;271515;90442;1001965;6109045;273301;333351
2020-09-03 00:00:00;342708;248840;380746;488513;272912;90475;1006923;6153398;274943;340473
2020-09-04 00:00:00;344686;250283;382772;498989;274644;90498;1011987;6204088;276555;349333
2020-09-05 00:00:00;346513;251058;384666;498989;276338;90517;1017131;6247597;278228;357927
2020-09-06 00:00:00;349500;251728;386658;498989;277634;90551;1022228;6278647;279806;364943
2020-09-07 00:00:00;352453;253626;388810;525549;278784;90572;1027334;6302545;281509;369209
2020-09-08 00:00:00;354934;254957;391112;534513;280153;90582;1032354;6328235;283270;375947
2020-09-09 00:00:00;357615;256433;393425;543379;281583;90595;1037526;6362771;284943;384546
2020-09-10 00:00:00;360546;258149;395488;554143;283180;90623;1042836;6398669;286455;394308
2020-09-11 00:00:00;364090;259735;397801;566326;284796;90643;1048257;6446690;288126;403837
2020-09-12 00:00:00;367594;260817;399940;566326;286297;90666;1053663;6488378;289635;415174
2020-09-13 00:00:00;370932;261737;402029;566326;287753;90695;1059024;6522912;291162;421519
2020-09-14 00:00:00;373557;263222;404648;593730;288761;90718;1064438;6556079;292878;427839
2020-09-15 00:00:00;376672;265014;407353;603167;289990;90734;1069873;6595622;294620;435665
2020-09-16 00:00:00;380679;266869;410334;614360;291442;90753;1075485;6634496;296391;445932
2020-09-17 00:00:00;384089;269048;413149;625651;293025;90797;1081152;6679747;298039;456171
2020-09-18 00:00:00;388418;271247;416198;640040;294932;90814;1086955;6728970;299810;469404
2020-09-19 00:00:00;392847;272932;419043;640040;296569;90840;1092915;6771709;301348;482964
2020-09-20 00:00:00;396746;273965;422140;640040;298156;90876;1098958;6810626;302867;493500
2020-09-21 00:00:00;401124;275560;425481;671468;299506;90890;1105048;6861220;304610;499039
2020-09-22 00:00:00;406060;277412;429193;682267;300897;90908;1111157;6901381;306302;509123
2020-09-23 00:00:00;412247;279025;432798;693556;302537;90918;1117487;6940233;308069;522355
2020-09-24 00:00:00;418891;281346;436319;704209;304323;90933;1123976;6987708;309790;538264
2020-09-25 00:00:00;425769;283712;439882;716481;306235;90951;1131088;7036256;311455;554368
2020-09-26 00:00:00;431819;285026;443086;716481;308104;90966;1138509;7081186;312966;568588
2020-09-27 00:00:00;437519;286339;446448;716481;309870;90993;1146273;7119340;314433;579223
2020-09-28 00:00:00;441575;288631;449960;748266;311364;91018;1154299;7151789;315845;583522
2020-09-29 00:00:00;448731;290471;453637;748266;313011;91041;1162428;7195303;317272;591527
2020-09-30 00:00:00;455848;292913;457219;769188;314861;91059;1170799;7234382;318663;605893
2020-10-01 00:00:00;462777;295539;461044;778607;317409;91082;1179634;7280478;320070;618918
2020-10-02 00:00:00;469771;298374;464596;789932;319908;91101;1188928;7335609;321512;631354
2020-10-03 00:00:00;482656;300027;468119;789932;322751;91121;1198663;7386268;323014;647868
2020-10-04 00:00:00;505621;301573;471772;789932;325329;91146;1209039;7420900;324443;660372
2020-10-05 00:00:00;518224;304673;475674;813412;327586;91170;1219796;7459130;326046;666011
2020-10-06 00:00:00;532781;307127;479825;825410;330263;91188;1231277;7504349;327557;677321
2020-10-07 00:00:00;546954;311137;483844;835901;333940;91210;1242258;7555567;329138;696274
2020-10-08 00:00:00;564504;315941;488236;848324;338398;91252;1253603;7614482;330753;713676
2020-10-09 00:00:00;578392;320495;492378;861112;343770;91278;1265572;7671232;332382;734707
2020-10-10 00:00:00;593567;323463;496253;861112;349494;91305;1278245;7726972;334031;761384
2020-10-11 00:00:00;606449;326309;500075;861112;354950;91339;1291687;7773804;335533;777378
2020-10-12 00:00:00;620460;332850;504281;888968;359569;91359;1305093;7815536;337147;786590
2020-10-13 00:00:00;637710;337314;508389;896086;365467;91388;1318783;7866627;338779;800216
2020-10-14 00:00:00;657461;344487;513219;908056;372799;91399;1332824;7925929;340450;823181
2020-10-15 00:00:00;676457;352107;517835;921374;381602;91436;1346380;7991044;342143;852938
2020-10-16 00:00:00;692114;359802;522387;936560;391611;91460;1361317;8060166;343955;878572
2020-10-17 00:00:00;708300;364664;526490;936560;402536;91490;1376020;8117858;345678;910711
2020-10-18 00:00:00;725294;368671;530380;936560;414241;91507;1390824;8168848;347493;940548
2020-10-19 00:00:00;744124;377068;534631;974449;423578;91546;1406667;8235586;349519;954838
2020-10-20 00:00:00;765489;385591;539670;988322;434449;91565;1422775;8297283;351413;975214
2020-10-21 00:00:00;792196;397922;545286;1005295;449648;91588;1438219;8360604;353426;1002624
2020-10-22 00:00:00;813453;403874;550757;1026281;465726;91621;1453923;8436829;355528;1043437
2020-10-23 00:00:00;834012;417350;556891;1046132;484869;91656;1471000;8519307;357693;1086286
2020-10-24 00:00:00;857045;427808;562705;1046132;504509;91678;1487260;8603035;359784;1131551
2020-10-25 00:00:00;876842;437698;568896;1046132;525782;91701;1503652;8665702;361801;1138167
2020-10-26 00:00:00;897742;450258;574856;1098320;542789;91725;1520800;8731678;363999;1211177
2020-10-27 00:00:00;920666;463419;581824;1116738;564778;91772;1537142;8808839;366208;1245635
2020-10-28 00:00:00;945380;479621;588648;1136503;589766;91821;1553028;8888107;368513;1283185
2020-10-29 00:00:00;968458;498354;596941;1160083;616595;91852;1570446;8979326;370832;1329821
2020-10-30 00:00:00;992876;517736;604952;1185678;647674;91893;1588433;9079417;373154;1379295
2020-10-31 00:00:00;1014795;531790;612772;1185678;679430;91921;1606267;9170153;375367;1414396
2020-11-01 00:00:00;1038056;544346;620491;1185678;709335;91955;1624648;9275798;377473;1460575
2020-11-02 00:00:00;1057023;569598;628780;1240697;731588;92015;1642665;9359133;379775;1566666
2020-11-03 00:00:00;1077101;577131;637712;1259366;759829;92045;1661096;9486968;382118;1639267
2020-11-04 00:00:00;1102307;608611;646164;1284408;790377;92077;1680579;9591145;384509;1593146
2020-11-05 00:00:00;1126471;631172;654936;1306316;824879;92121;1699695;9721163;386820;1650966
2020-11-06 00:00:00;1149793;653992;663800;1328832;862681;92164;1720063;9848975;389256;1711918
2020-11-07 00:00:00;1174772;668114;673250;1328832;902490;92195;1740172;9981101;391739;1798573
2020-11-08 00:00:00;1195352;682624;682486;1328832;935104;92242;1760420;10096457;394255;1837135
2020-11-09 00:00:00;1216749;689146;692949;1381218;960373;92271;1781997;10214506;396831;1858559
2020-11-10 00:00:00;1237200;715693;703288;1381218;995463;92299;1802762;10354777;399360;1881172
2020-11-11 00:00:00;1260200;738094;715068;1417709;1028424;92336;1822345;10504265;402053;1917578
2020-11-12 00:00:00;1293717;762832;726585;1437220;1066401;92372;1843678;10666034;404894;1950136
2020-11-13 00:00:00;1321033;785093;738322;1458591;1107303;92404;1865395;10847160;407939;1974271
2020-11-14 00:00:00;1347909;799733;749525;1458591;1144552;92428;1887836;11019445;411055;2006228
2020-11-15 00:00:00;1372886;802946;762068;1458591;1178529;92452;1910149;11157358;414278;2033420
2020-11-16 00:00:00;1394302;817526;775121;1496864;1205881;92475;1932711;11316537;417594;2043470
2020-11-17 00:00:00;1414362;843757;788473;1510023;1238072;92490;1954912;11480700;421413;2089073
2020-11-18 00:00:00;1434007;867484;801894;1525341;1272352;92513;1975629;11654113;425628;2117917
2020-11-19 00:00:00;1456943;891525;815117;1541574;1308528;92544;1998966;11846014;430170;2138706
2020-11-20 00:00:00;1477217;914118;828377;1556730;1345767;92588;2023025;12047450;435273;2161970
2020-11-21 00:00:00;1497138;927990;841308;1556730;1380531;92648;2047563;12229486;440805;2179640
2020-11-22 00:00:00;1515805;932367;854361;1556730;1408868;92733;2071858;12376138;446822;2192770
2020-11-23 00:00:00;1531270;946822;866821;1582616;1431795;92829;2096749;12548086;453535;2197832
2020-11-24 00:00:00;1542614;963192;880542;1594844;1455022;92914;2120836;12725321;460916;2207753
2020-11-25 00:00:00;1560875;995879;894385;1605066;1480874;93025;2144229;12910215;467730;2224508
2020-11-26 00:00:00;1578432;1017830;908346;1617355;1509875;93113;2169424;13028602;503738;2237509
2020-11-27 00:00:00;1593253;1038649;922397;1628208;1538217;93225;2196691;13231626;548244;2250283
2020-11-28 00:00:00;1609144;1052494;935799;1628208;1564532;93329;2223500;13390383;578347;2262760
2020-11-29 00:00:00;1621308;1055691;948749;1628208;1585178;93465;2249890;13531227;607628;2272523
2020-11-30 00:00:00;1633736;1069912;962070;1648187;1601554;93577;2275936;13686921;638847;2276830
2020-12-01 00:00:00;1647233;1094678;975951;1656444;1620901;93672;2302062;13880957;668957;2285273
2020-12-02 00:00:00;1663470;1117953;989572;1665775;1641610;93798;2327105;14085458;700880;2299501
2020-12-03 00:00:00;1678421;1141544;1003494;1675902;1664829;93907;2354934;14309618;733261;2312288
2020-12-04 00:00:00;1694803;1157514;1016835;1684647;1688939;94038;2382012;14544933;765997;2323799
2020-12-05 00:00:00;1710382;1183640;1028986;1684647;1709991;94161;2410462;14766843;797893;2336681
2020-12-06 00:00:00;1727754;1194550;1040547;1684647;1728878;94293;2439163;14946062;828295;2347630
2020-12-07 00:00:00;1742528;1200006;1051374;1702328;1742557;94386;2466961;15136211;860432;2351041
2020-12-08 00:00:00;1754914;1229269;1062397;1702328;1757394;94500;2492713;15367161;893630;2365085
2020-12-09 00:00:00;1771548;1254358;1072620;1712101;1770149;94618;2518551;15588301;925342;2379760
2020-12-10 00:00:00;1792614;1287092;1083023;1720056;1787147;94749;2546113;15822977;1748567;2393632
2020-12-11 00:00:00;1814398;1314309;1092407;1730575;1805873;94849;2574319;16063233;1780673;2407121
2020-12-12 00:00:00;1835952;1336101;1100818;1730575;1825775;94950;2602048;16285398;1809809;2421068
2020-12-13 00:00:00;1854493;1350810;1108269;1730575;1843712;95064;2629699;16472103;1836728;2432601
2020-12-14 00:00:00;1874870;1357261;1115770;1751884;1855737;95167;2656601;16672734;1866345;2435793
2020-12-15 00:00:00;1893439;1391086;1123474;1762212;1870576;95279;2682866;16894785;1898447;2447518
2020-12-16 00:00:00;1918739;1423830;1131077;1773290;1888144;95375;2708940;17135476;1928165;2465238
2020-12-17 00:00:00;1954271;1454009;1138530;1785421;1906377;95491;2736727;17372704;1955680;2483636
2020-12-18 00:00:00;1982831;1486839;1145651;1797236;1921778;95580;2764843;17621665;1982090;2499511
2020-12-19 00:00:00;2010080;1508518;1152072;1797236;1938083;95716;2792615;17824236;2004285;2516939
2020-12-20 00:00:00;2046164;1514962;1158384;1797236;1953185;95816;2821125;18009585;2024601;2529797
2020-12-21 00:00:00;2079681;1534218;1164535;1819249;1964054;95916;2850042;18199302;2043704;2535757
2020-12-22 00:00:00;2116612;1570371;1170743;1829903;1977370;95998;2878382;18401274;2062960;2547618
2020-12-23 00:00:00;2155999;1604129;1177004;1842289;1991278;96074;2905196;18627057;2082610;2562604
2020-12-24 00:00:00;2195148;1630596;1183182;1854951;2009317;96159;2934695;18831945;2100712;2584322
2020-12-25 00:00:00;2227951;1632736;1189203;1854951;2028354;96240;2963290;18940629;2118255;2604584
2020-12-26 00:00:00;2262739;1646240;1194963;1854951;2038759;96324;2992123;19159622;2133373;2607677
2020-12-27 00:00:00;2295232;1658639;1200465;1854951;2047696;96417;3019972;19314617;2147578;2616544
2020-12-28 00:00:00;2336692;1672643;1206373;1879413;2056277;96513;3047335;19481303;2162775;2619650
2020-12-29 00:00:00;2389967;1691755;1212481;1893502;2067487;96592;3073923;19683000;2178580;2631144
2020-12-30 00:00:00;2440206;1723696;1218753;1910218;2083689;96673;3100018;19905929;2194272;2657658
2020-12-31 00:00:00;2496235;1746929;1225142;1928265;2107166;96762;3127347;20164039;2208652;2677660
2021-01-01 00:00:00;2549693;1762504;1231429;1928265;2129376;96825;3153960;20330292;2220855;2697018
2021-01-02 00:00:00;2607546;1773540;1237474;1928265;2141201;96894;3179898;20626175;2232035;2700484
2021-01-03 00:00:00;2662703;1783896;1243434;1928265;2155446;96972;3203743;20829825;2241912;2712975
2021-01-04 00:00:00;2721626;1796216;1249507;1958844;2166244;97061;3226758;21011493;2255607;2717059
2021-01-05 00:00:00;2782713;1814565;1255620;1982544;2181619;97127;3250713;21242763;2270101;2737892
2021-01-06 00:00:00;2845269;1841228;1261903;1982544;2201945;97217;3274615;21499648;2283931;2763078
2021-01-07 00:00:00;2898056;1886561;1268263;2024904;2220361;97306;3297833;21788279;2296102;2784845
2021-01-08 00:00:00;2966248;1905638;1274514;2050360;2237890;97387;3321163;22091766;2307581;2804705
2021-01-09 00:00:00;3026346;1928462;1280438;2050360;2257866;97518;3344175;22351300;2317118;2824882
2021-01-10 00:00:00;3081372;1929410;1286406;2050360;2276491;97652;3366715;22564676;2326256;2840826
2021-01-11 00:00:00;3127647;1941116;1292614;2111782;2289021;97754;3389733;22775512;2336476;2844642
2021-01-12 00:00:00;3173295;1968326;1299022;2137220;2303263;97933;3412390;22994414;2346285;2864399
2021-01-13 00:00:00;3220957;1993892;1305339;2176089;2319036;98117;3434934;23224257;2355839;2888331
2021-01-14 00:00:00;3269761;2015235;1311810;2211967;2336279;98290;3459237;23462300;2364801;2909666
2021-01-15 00:00:00;3325646;2023828;1318295;2252164;2352423;98459;3483531;23709326;2373115;2930983
2021-01-16 00:00:00;3367074;2038645;1324395;2252164;2368733;98626;3507201;23917958;2380665;2952392
2021-01-17 00:00:00;3405744;2050129;1330411;2252164;2381277;98794;3530379;24094546;2387101;2969034
2021-01-18 00:00:00;3443354;2059382;1336217;2336451;2390102;99026;3552888;24235618;2392963;2972832
2021-01-19 00:00:00;3476808;2071615;1342134;2370742;2400598;99191;3574330;24399905;2399781;2996855
2021-01-20 00:00:00;3515800;2100618;1348316;2412318;2414166;99414;3595136;24585297;2406216;3023613
2021-01-21 00:00:00;3553777;2108895;1354520;2456675;2428221;99667;3616680;24777624;2412505;3046323
2021-01-22 00:00:00;3594098;2125261;1360852;2499560;2441854;99767;3637862;24967151;2418472;3069647
2021-01-23 00:00:00;3627750;2137691;1367032;2499560;2455185;99931;3658447;25142014;2424328;3093740
2021-01-24 00:00:00;3657861;2147769;1372977;2499560;2466813;100136;3679247;25279848;2429605;3112176
2021-01-25 00:00:00;3680105;2154656;1379286;2593382;2475372;100291;3698246;25421966;2435247;3116477
2021-01-26 00:00:00;3700272;2164043;1385706;2629817;2485956;100431;3716228;25566750;2442350;3138619
2021-01-27 00:00:00;3725641;2179679;1392314;2670102;2501147;100548;3733692;25721887;2449839;3165570
2021-01-28 00:00:00;3754452;2194562;1398841;2705001;2515507;100641;3752548;25889323;2457118;3189378
2021-01-29 00:00:00;3783597;2207393;1405414;2743119;2529070;100747;3771514;26055170;2464030;3212613
2021-01-30 00:00:00;3806997;2224911;1411731;2743119;2541783;100877;3790265;26200854;2470901;3236658
2021-01-31 00:00:00;3828187;2225659;1417999;2743119;2553032;100974;3808348;26316283;2477463;3255994
2021-02-01 00:00:00;3846855;2232327;1424596;2822805;2560957;101039;3825739;26445651;2485182;3260382
2021-02-02 00:00:00;3863761;2240017;1431416;2851869;2570608;101092;3842145;26559524;2492977;3283719
2021-02-03 00:00:00;3882976;2252504;1438286;2883465;2583790;101143;3858367;26682637;2501079;3310125
2021-02-04 00:00:00;3903710;2265536;1445326;2913425;2597446;101187;3874830;26806565;2508988;3310145
2021-02-05 00:00:00;3922914;2276371;1452380;2941990;2611659;101241;3891274;26938227;2516889;3355752
2021-02-06 00:00:00;3941277;2285003;1459370;2941990;2625098;101272;3907653;27049180;2524786;3376340
2021-02-07 00:00:00;3957181;2291673;1466435;2941990;2636738;101316;3923461;27141063;2531456;3396055
2021-02-08 00:00:00;3971319;2296323;1473756;2989085;2644707;101363;3939162;27226073;2539559;3400398
2021-02-09 00:00:00;3983760;2302051;1481396;3005487;2655319;101408;3953970;27320668;2548195;3419418
2021-02-10 00:00:00;3996837;2311297;1488981;3023601;2668266;101429;3968228;27416500;2556837;3444827
2021-02-11 00:00:00;4010380;2321225;1496455;3041454;2683403;101463;3983031;27522803;2564427;3465903
2021-02-12 00:00:00;4025578;2330422;1503753;3056035;2697296;101496;3997898;27622834;2572190;3486612
2021-02-13 00:00:00;4038933;2336906;1510873;3056035;2710819;101515;4012538;27711688;2579896;3507843
2021-02-14 00:00:00;4049924;2341744;1518263;3056035;2721879;101536;4026506;27778037;2586183;3524518
2021-02-15 00:00:00;4059700;2346876;1526023;3086286;2729223;101561;4040505;27832680;2594128;3528924
2021-02-16 00:00:00;4070336;2352766;1534034;3096343;2739591;101576;4053535;27891283;2602034;3548520
2021-02-17 00:00:00;4083096;2362364;1542076;3107172;2751657;101604;4066164;27961352;2609359;3573560
2021-02-18 00:00:00;4095191;2372209;1550142;3121687;2765412;101624;4079407;28032708;2616600;3596078
2021-02-19 00:00:00;4107290;2381259;1558159;3133122;2780882;101646;4092649;28110894;2624019;3620205
2021-02-20 00:00:00;4117743;2388421;1566081;3133122;2795796;101669;4105424;28184301;2631876;3642576
2021-02-21 00:00:00;4127578;2394515;1574012;3133122;2809246;101700;4117992;28242197;2638422;3664622
2021-02-22 00:00:00;4138237;2399499;1582275;3153971;2818863;101726;4130447;28297036;2646526;3669276
2021-02-23 00:00:00;4146760;2405263;1590605;3161432;2832162;101750;4142126;28369052;2655633;3689469
2021-02-24 00:00:00;4156707;2416037;1598875;3170644;2848564;101778;4153735;28444064;2665194;3720996
2021-02-25 00:00:00;4166727;2427069;1607081;3180212;2868435;101802;4164802;28522121;2674766;3746410
2021-02-26 00:00:00;4175315;2436506;1615184;3188553;2888923;101836;4175757;28600856;2683971;3771626
2021-02-27 00:00:00;4182772;2444177;1623159;3188553;2907825;101878;4187166;28666922;2693164;3795736
2021-02-28 00:00:00;4188827;2450295;1631169;3188553;2925265;101920;4198400;28718789;2701588;3815688
2021-03-01 00:00:00;4194289;2455569;1639679;3204531;2938371;101945;4209850;28773278;2711479;3820418
2021-03-02 00:00:00;4200700;2462061;1648174;3130184;2955434;101968;4220291;28830345;2723316;3843290
2021-03-03 00:00:00;4207120;2472913;1656699;3136321;2976274;101995;4230707;28897494;2734836;3870101
2021-03-04 00:00:00;4213764;2484306;1665103;3142358;2999119;102015;4241970;28966026;2746158;3895387
2021-03-05 00:00:00;4219788;2493887;1673470;3149012;3023129;102036;4252876;29032891;2757460;3918894
2021-03-06 00:00:00;4225906;2502151;1681682;3149012;3046762;102064;4263785;29092186;2769230;3942286
2021-03-07 00:00:00;4231166;2508655;1689692;3149012;3067486;102101;4274263;29134252;2780417;3964121
2021-03-08 00:00:00;4235989;2513784;1698005;3160970;3081368;102125;4284408;29178564;2793632;3969673
2021-03-09 00:00:00;4241858;2520618;1706559;3164982;3101093;102152;4293750;29234370;2807387;3992853
2021-03-10 00:00:00;4247879;2541781;1715162;3172101;3123368;102172;4302726;29292601;2821943;4022514
2021-03-11 00:00:00;4254714;2546526;1723470;3178356;3149017;102203;4311893;29355492;2835989;4050606
2021-03-12 00:00:00;4261398;2559296;1731558;3183704;3175807;102276;4321588;29417565;2850930;4075681
2021-03-13 00:00:00;4267015;2569864;1739360;3183704;3201838;102333;4331396;29471157;2866012;4105444
2021-03-14 00:00:00;4271710;2578842;1746953;3183704;3223142;102363;4341381;29510009;2879390;4131895
2021-03-15 00:00:00;4276840;2585385;1754933;3195062;3238394;102411;4350728;29564777;2894893;4138369
2021-03-16 00:00:00;4282203;2595058;1763313;3200024;3258770;102433;4360033;29619158;2911642;4168396
2021-03-17 00:00:00;4287996;2612908;1771115;3206116;3281810;102450;4368943;29678645;2930554;4206916
2021-03-18 00:00:00;4294328;2629960;1778645;3212332;3306711;102479;4378656;29739170;2950603;4241990
2021-03-19 00:00:00;4299200;2646107;1786265;3212332;3332418;102502;4388268;29801235;2971633;4277108
2021-03-20 00:00:00;4304839;2659792;1793805;3212332;3356331;102523;4397816;29858257;2992694;4312451
2021-03-21 00:00:00;4310195;2670001;1801065;3212332;3376376;102539;4407031;29893235;3013122;4343115
2021-03-22 00:00:00;4315602;2678262;1808422;3228803;3400877;102566;4416226;29942716;3035338;4358924
2021-03-23 00:00:00;4321019;2699231;1815712;3234319;3419616;102589;4424595;29996015;3061520;4373620
2021-03-24 00:00:00;4326645;2722988;1823317;3234319;3440862;102612;4433364;30083136;3091282;4439011
2021-03-25 00:00:00;4332922;2744608;1830823;3247738;3464543;102635;4442492;30151112;3120013;4484672
2021-03-26 00:00:00;4339157;2765297;1838803;3255324;3488619;102659;4451565;30228657;3149094;4526554
2021-03-27 00:00:00;4343066;2782925;1846923;3255324;3512453;102683;4460348;30290880;3179115;4569179
2021-03-28 00:00:00;4347013;2784652;1855674;3255324;3532057;102698;4469327;30337234;3208173;4606307
2021-03-29 00:00:00;4351796;2794949;1864984;3270825;3544957;102715;4477916;30404532;3240577;4615413
2021-03-30 00:00:00;4355867;2818630;1875234;3275819;3561012;102734;4486078;30465969;3277880;4646136
2021-03-31 00:00:00;4359982;2843644;1885564;3284353;3584899;102762;4494234;30532941;3317182;4705186
2021-04-01 00:00:00;4364547;2866323;1897314;3291394;3607083;102790;4503291;30612130;3357988;4755862
2021-04-02 00:00:00;4367969;2882356;1908974;3291394;3629000;102838;4511973;30683979;3400296;4802545
2021-04-03 00:00:00;4371393;2886029;1920394;3300965;3650247;102866;4520879;30748226;3445052;4802711
2021-04-04 00:00:00;4373798;2896329;1932074;3300965;3668264;102908;4529576;30784580;3487050;4883346
2021-04-05 00:00:00;4376629;2902309;1945964;3311325;3678944;102949;4538101;30858028;3529601;4894139
2021-04-06 00:00:00;4379033;2909902;1963394;3317948;3686707;102970;4546307;30919172;3579185;4902195
2021-04-07 00:00:00;4381830;2940279;1984348;3326736;3700393;103003;4554481;30994162;3633925;4903122
2021-04-08 00:00:00;4384954;2966789;2006934;3336637;3717602;103034;4563026;31074414;3689866;5000155
2021-04-09 00:00:00;4380167;2990724;2029412;3347512;3736526;103066;4572053;31158751;3745657;5000319
2021-04-10 00:00:00;4382880;3009452;2049078;3347512;3754077;103083;4580633;31228045;3798333;5001723
2021-04-11 00:00:00;4384610;3012158;2070141;3347512;3769814;103113;4589209;31274488;3849011;5119625
2021-04-12 00:00:00;4388296;3024604;2093452;3370256;3779594;103136;4597400;31341447;3903573;5128175
2021-04-13 00:00:00;4390801;3054025;2118212;3376548;3793033;103165;4605444;31420591;3962760;5167305
2021-04-14 00:00:00;4393330;3085142;2143794;3387022;3809193;103185;4613646;31495907;4025557;5210812
2021-04-15 00:00:00;4396096;3110252;2168872;3396685;3826156;103203;4622464;31569817;4086957;5248857
2021-04-16 00:00:00;4398903;3134108;2194133;3407283;3842079;103237;4631336;31650195;4150039;5285307
2021-04-17 00:00:00;4401176;3154305;2215445;3407283;3857443;103273;4640537;31704357;4212645;5321180
2021-04-18 00:00:00;4403060;3155522;2237089;3407283;3870131;103315;4649044;31747241;4268447;5350558
2021-04-19 00:00:00;4406114;3167137;2261435;3428354;3878994;103340;4657509;31813414;4323596;5357266
2021-04-20 00:00:00;4408644;3198534;2286927;3428354;3891063;103371;4665553;31874335;4384624;5401341
2021-04-21 00:00:00;4411068;3222888;2311813;3446072;3904899;103382;4673699;31938159;4446591;5436265
2021-04-22 00:00:00;4413834;3254609;2335905;3456886;3920945;103419;4682573;32005149;4501382;5469669
2021-04-23 00:00:00;4416588;3276871;2358809;3468617;3935703;103441;4691290;32067529;4550820;5502009
2021-04-24 00:00:00;4418710;3291293;2377039;3468617;3949517;103464;4699988;32121722;4591416;5534651
2021-04-25 00:00:00;4420443;3306692;2396204;3468617;3962674;103484;4708640;32155696;4629969;5559156
2021-04-26 00:00:00;4422562;3312653;2417230;3488469;3971114;103503;4717321;32201356;4667281;5565113
2021-04-27 00:00:00;4425259;3338564;2438193;3496134;3981512;103529;4725252;32252090;4710582;5595437
2021-04-28 00:00:00;4427390;3366827;2459906;3504799;3994894;103562;4732981;32307183;4751026;5626979
2021-04-29 00:00:00;4429849;3391039;2479805;3514942;4009208;103595;4742142;32366097;4788700;5653526
2021-04-30 00:00:00;4432246;3405365;2499077;3524077;4022653;103622;4750755;32424257;4820591;5677829
2021-05-01 00:00:00;4434157;3423900;2516157;3524077;4035617;103649;4759902;32470917;4849408;5703499
2021-05-02 00:00:00;4435831;3432676;2534855;3524077;4044762;103667;4768476;32500979;4875388;5713420
2021-05-03 00:00:00;4437505;3438186;2555587;3540430;4050708;103694;4776844;32549750;4900121;5717187
2021-05-04 00:00:00;4439489;3462297;2575737;3544945;4059821;103713;4784497;32590550;4929118;5741564
2021-05-05 00:00:00;4441644;3484755;2591609;3551262;4070400;103731;4792354;32636252;4955594;5767568
2021-05-06 00:00:00;4444262;3502672;2610018;3559222;4082198;103759;4799872;32683207;4977982;5789281
2021-05-07 00:00:00;4446752;3517762;2627094;3567408;4092747;103774;4808133;32731314;4998089;5808420
2021-05-08 00:00:00;4448808;3530887;2640670;3567408;4102921;103796;4816331;32765833;5016141;5829199
2021-05-09 00:00:00;4450578;3530887;2654811;3567408;4111210;103809;4824621;32787933;5031332;5838327
2021-05-10 00:00:00;4452956;3538208;2673219;3581392;4116287;103842;4832959;32823085;5044936;5841626
2021-05-11 00:00:00;4455446;3557904;2691352;3586333;4123230;103870;4840948;32857148;5059433;5861417
2021-05-12 00:00:00;4457742;3564494;2707761;3592751;4131078;103902;4849044;32893341;5072462;5882915
2021-05-13 00:00:00;4460405;3578125;2722007;3598452;4139160;103937;4857303;32931870;5083996;5902376
2021-05-14 00:00:00;4462603;3588502;2732152;3604799;4146722;103986;4866641;32973734;5095390;5909419
2021-05-15 00:00:00;4464663;3595872;2739875;3604799;4153374;104192;4875308;33003344;5106862;5925104
2021-05-16 00:00:00;4466589;3602939;2751166;3604799;4159122;104428;4883734;33020785;5117374;5939130
2021-05-17 00:00:00;4468582;3608320;2765485;3615860;4162576;104786;4892938;33048554;5127548;5942481
2021-05-18 00:00:00;4466220;3615896;2779415;3619848;4167025;105044;4900995;33076351;5139485;5959704
2021-05-19 00:00:00;4468366;3627777;2792204;3625928;4172525;105330;4908794;33105858;5151038;5978761
2021-05-20 00:00:00;4471065;3638504;2804632;3631661;4178261;105647;4917906;33135702;5160423;5629921
2021-05-21 00:00:00;4473773;3646600;2815882;3636453;4183476;105972;4926717;33164253;5169951;5642724
2021-05-22 00:00:00;4476297;3653019;2823887;3636453;4188190;106715;4935302;33184827;5178648;5655335
2021-05-23 00:00:00;4478390;3657662;2832518;3636453;4192183;107195;4944129;33198299;5186487;5665101
2021-05-24 00:00:00;4480760;3659990;2843523;3647520;4194672;107807;4952412;33222742;5194010;5667331
2021-05-25 00:00:00;4483177;3662568;2855396;3652879;4197892;108361;4960174;33245832;5203385;5670486
2021-05-26 00:00:00;4486168;3667041;2865864;3657886;4201827;109016;4968421;33270365;5212123;5683143
2021-05-27 00:00:00;4489552;3673990;2875858;3663176;4205970;109693;4977332;33297514;5220549;5697076
2021-05-28 00:00:00;4493582;3680159;2886111;3668658;4209707;110263;4986458;33319437;5228322;5708350
2021-05-29 00:00:00;4496823;3684672;2893218;3668658;4213055;110766;4995613;33332055;5235978;5719877
2021-05-30 00:00:00;4499937;3687715;2902094;3668658;4216003;111147;5005171;33339027;5242911;5728539
2021-05-31 00:00:00;4503231;3689921;2913136;3678390;4217821;111525;5013512;33345042;5249404;5728909
2021-06-01 00:00:00;4506333;3692908;2923823;3682778;4220304;111887;5022881;33366838;5256516;5738762
2021-06-02 00:00:00;4510597;3698004;2935443;3687762;4223200;112458;5031583;33384034;5263697;5740116
2021-06-03 00:00:00;4515778;3701692;2945100;3693012;4225163;113068;5040390;33403139;5270299;5755675
2021-06-04 00:00:00;4521922;3704685;2954309;3697981;4227719;113565;5049210;33420273;5276468;5762633
2021-06-05 00:00:00;4527577;3706934;2960751;3697981;4230153;114106;5058221;33434879;5282594;5769287
2021-06-06 00:00:00;4532802;3708898;2966363;3697981;4232428;114474;5067246;33440630;5287980;5774467
2021-06-07 00:00:00;4538399;3710342;2971270;3707523;4233698;114707;5076543;33455532;5293627;5775641
2021-06-08 00:00:00;4544372;3712595;2980116;3711027;4235592;114929;5086386;33468614;5300236;5781662
2021-06-09 00:00:00;4551694;3715870;2990714;3715454;4237790;115229;5096657;33487603;5306690;5787231
2021-06-10 00:00:00;4558933;3718617;3003112;3729458;4239868;115507;5108217;33501967;5313098;5791714
2021-06-11 00:00:00;4566893;3720811;3013078;3733600;4241760;115820;5120578;33526801;5319359;5795593
2021-06-12 00:00:00;4574445;3722295;3020522;3733600;4243482;116103;5133938;33535565;5325435;5799565
2021-06-13 00:00:00;4581779;3723295;3028717;3733600;4244872;116301;5148499;33540829;5330447;5802538
2021-06-14 00:00:00;4589400;3724168;3039432;3741767;4245779;116507;5162049;33552973;5336073;5803236
2021-06-15 00:00:00;4596994;3725328;3049648;3745199;4247032;116665;5176051;33563871;5342028;5806479
2021-06-16 00:00:00;4605805;3726767;3060135;3749031;4248432;116853;5189260;33576446;5348249;5809543
2021-06-17 00:00:00;4616628;3727668;3070426;3753228;4249755;117051;5203117;33587069;5354153;5811592
2021-06-18 00:00:00;4626915;3728601;3080526;3757442;4250902;117272;5220168;33608434;5359728;5814779
2021-06-19 00:00:00;4636991;3729597;3086974;3757442;4252095;117421;5237847;33616942;5365208;5817403
2021-06-20 00:00:00;4646068;3730126;3095135;3757442;4252976;117548;5255214;33621444;5370299;5819313
2021-06-21 00:00:00;4656536;3730619;3105620;3764651;4253460;117651;5272328;33633035;5375593;5819809
2021-06-22 00:00:00;4668043;3731304;3117336;3768691;4254294;117759;5288766;33643900;5381736;5822022
2021-06-23 00:00:00;4683986;3732439;3128395;3773032;4255434;117880;5306069;33657057;5387545;5824352
2021-06-24 00:00:00;4700691;3732914;3140129;3777539;4255700;118040;5325940;33670719;5393248;5826360
2021-06-25 00:00:00;4716065;3733665;3150949;3782463;4256451;118145;5346005;33695053;5398878;5828348
2021-06-26 00:00:00;4734011;3734153;3157983;3782463;4257289;118241;5367317;33703766;5404144;5830476
2021-06-27 00:00:00;4748644;3734489;3167741;3782463;4258069;118358;5387486;33708078;5409027;5832110
2021-06-28 00:00:00;4771367;3734830;3180092;3792642;4258456;118439;5408744;33722614;5414310;5832628
2021-06-29 00:00:00;4791628;3735399;3192809;3799733;4259133;118503;5428961;33729397;5420156;5836023
2021-06-30 00:00:00;4817298;3736205;3204557;3808960;4259909;118573;5449594;33745720;5425652;5837403
2021-07-01 00:00:00;4844944;3736959;3218860;3821305;4260788;118644;5472722;33760098;5430940;5840067
2021-07-02 00:00:00;4871807;3737630;3232696;3833868;4261582;118736;5495513;33789477;5435831;5842754
2021-07-03 00:00:00;4896272;3738059;3241037;3833868;4262511;118832;5519516;33794190;5440368;5845760
2021-07-04 00:00:00;4920168;3738470;3254818;3833868;4263317;118896;5544209;33798014;5444786;5848365
2021-07-05 00:00:00;4947274;3738862;3270843;3866475;4263797;118951;5568104;33806849;5449464;5849167
2021-07-06 00:00:00;4975903;3739575;3286923;3880612;4264704;119036;5591030;33830260;5454763;5852755
2021-07-07 00:00:00;5007964;3740567;3304135;3897996;4265714;119094;5614540;33852894;5459923;5856838
2021-07-08 00:00:00;5040060;3741470;3327526;3915313;4267105;119141;5638901;33871923;5465094;5861284
2021-07-09 00:00:00;5075945;3742355;3344122;3937192;4268491;119204;5664200;33919412;5470764;5865864
2021-07-10 00:00:00;5107780;3743164;3355786;3937192;4269885;119238;5688807;33927832;5476294;5870560
2021-07-11 00:00:00;5139162;3743732;3373450;3937192;4271276;119321;5713351;33938985;5481555;5874874
2021-07-12 00:00:00;5173972;3744285;3394279;3971124;4272163;119374;5738000;33972600;5486959;5876142
2021-07-13 00:00:00;5210472;3745312;3417029;4015084;4273693;119428;5762211;33998992;5493244;5883100
2021-07-14 00:00:00;5252655;3746935;3440400;4041474;4275846;119485;5785542;34032162;5500151;5884550
2021-07-15 00:00:00;5301296;3748379;3464055;4069162;4278319;119539;5810335;34062069;5507455;5895608
2021-07-16 00:00:00;5353245;3749944;3485940;4100222;4281214;119602;5835523;34139548;5514373;5906543
2021-07-17 00:00:00;5407428;3751253;3501079;4100222;4284332;119647;5860113;34151434;5522039;5917548
2021-07-18 00:00:00;5455276;3752236;3523263;4100222;4287458;119698;5884593;34171409;5522039;5930080
2021-07-19 00:00:00;5495947;3753220;3548704;4161850;4289528;119784;5908691;34223530;5537386;5934273
2021-07-20 00:00:00;5542635;3754846;3576148;4189136;4293083;119815;5931925;34264102;5546166;5952490
2021-07-21 00:00:00;5586716;3756497;3603527;4219723;4297337;119918;5955089;34314688;5554317;5974063
2021-07-22 00:00:00;5626745;3758425;3623840;4249258;4302393;120000;5979027;34369354;5563903;5996163
2021-07-23 00:00:00;5662838;3760291;3645654;4280429;4307535;120098;6002303;34488750;5574997;6015572
2021-07-24 00:00:00;5694462;3761869;3664286;4280429;4312673;120120;6025698;34513930;5587378;6041313
2021-07-25 00:00:00;5723399;3763018;3691432;4280429;4317415;120213;6049215;34539564;5601608;6056555
2021-07-26 00:00:00;5748331;3764441;3723246;4342054;4320530;120295;6071893;34626086;5618417;6061969
2021-07-27 00:00:00;5771732;3766501;3758197;4368453;4325046;120399;6094379;34694822;5638178;6089097
2021-07-28 00:00:00;5797445;3769552;3792014;4395602;4330739;120469;6116249;34764252;5660469;6117020
2021-07-29 00:00:00;5828316;3772326;3826447;4422291;4336906;120555;6138969;34843539;5682630;6142449
2021-07-30 00:00:00;5857639;3774918;3851162;4447044;4343519;120635;6161985;35031610;5704713;6166759
2021-07-31 00:00:00;5883421;3776724;3871008;4447044;4350028;120724;6185249;35064270;5727045;6190621
2021-08-01 00:00:00;5907594;3778277;3903519;4447044;4355348;120837;6207513;35107206;5747935;6210335
2021-08-02 00:00:00;5929881;3779797;3940708;4502983;4358533;120944;6230482;35227423;5770833;6218927
2021-08-03 00:00:00;5951736;3782344;3979727;4523310;4363374;121067;6251953;35330623;5795665;6243225
2021-08-04 00:00:00;5980887;3786003;4019084;4545184;4369964;121175;6274006;35427293;5822487;6272466
2021-08-05 00:00:00;6010896;3789460;4057758;4566571;4377188;121316;6296570;35538203;5846784;6299415
2021-08-06 00:00:00;6042529;3792848;4092671;4588132;4383787;121437;6318643;35793497;5870741;6325146
2021-08-07 00:00:00;6070873;3795609;4119110;4588132;4390684;121550;6340370;35842578;5895841;6351003
2021-08-08 00:00:00;6098117;3797849;4158729;4588132;4396417;121684;6362641;35870455;5895841;6371463
2021-08-09 00:00:00;6123173;3800069;4199537;4627770;4400617;121837;6384195;36050191;5942241;6378681
2021-08-10 00:00:00;6146642;3803351;4238676;4643450;4406241;121960;6404960;36171399;5968838;6407573
2021-08-11 00:00:00;6176023;3808838;4281217;4660473;4413162;122058;6425918;36327654;5996194;6440367
2021-08-12 00:00:00;6208908;3814335;4320266;4677883;4420429;122168;6447229;36469848;6018455;6470038
2021-08-13 00:00:00;6241447;3819871;4359385;4693540;4427827;122255;6468890;36699692;6039827;6497785
2021-08-14 00:00:00;6270673;3824546;4389085;4693540;4435008;122317;6490421;36749122;6059776;6522212
2021-08-15 00:00:00;6297157;3828278;4425821;4693540;4440669;122378;6511431;36791187;6078623;6543481
2021-08-16 00:00:00;6325515;3831827;4467015;4719266;4444338;122433;6531585;37010615;6096786;6556878
2021-08-17 00:00:00;6352224;3837218;4517243;4733602;4449606;122482;6551934;37163415;6118478;6582001
2021-08-18 00:00:00;6385982;3846226;4556417;4745558;4456765;122542;6572246;37322014;6138422;6612028
2021-08-19 00:00:00;6422515;3854529;4587683;4758003;4464005;122586;6592705;37479239;6157742;6637417
2021-08-20 00:00:00;6459643;3863495;4616516;4770453;4471225;122617;6613107;37724906;6177660;6660365
2021-08-21 00:00:00;6491529;3870095;4640695;4770453;4478691;122662;6633521;37791423;6197011;6683078
2021-08-22 00:00:00;6523563;3876041;4677114;4770453;4484613;122698;6653498;37827790;6215633;6700378
2021-08-23 00:00:00;6555419;3881633;4715771;4794352;4488779;122744;6672373;38065190;6234490;6708289
2021-08-24 00:00:00;6586181;3898287;4756394;4804424;4494857;122777;6690633;38222308;6253681;6734203
2021-08-25 00:00:00;6621799;3911562;4796377;4815205;4502396;122809;6709605;38391732;6273651;6757909
2021-08-26 00:00:00;6659916;3923250;4833135;4822320;4509611;122852;6728699;38576172;6293267;6777592
2021-08-27 00:00:00;6697770;3925190;4869414;4831809;4517434;122897;6747681;38819716;6311607;6778049
2021-08-28 00:00:00;6729912;3933585;4895448;4831809;4524292;122942;6766667;38880969;6329519;6813680
2021-08-29 00:00:00;6762904;3940212;4926964;4831809;4530246;122995;6785465;38923284;6346851;6827310
2021-08-30 00:00:00;6789189;3947035;4960744;4847298;4534499;123043;6803323;39182561;6366408;6834998
2021-08-31 00:00:00;6821356;3965681;4992063;4855065;4539991;123068;6820697;39353834;6388301;6835022
2021-09-01 00:00:00;6856933;3979839;5025233;4861883;4546487;123103;6838652;39556084;6412247;6868151
2021-09-02 00:00:00;6894915;3993789;5055512;4871444;4553241;123136;6857243;39731162;6435743;6882305
2021-09-03 00:00:00;6937270;3996688;5083133;4877755;4559970;123169;6875713;39966757;6458600;6897529
2021-09-04 00:00:00;6973995;4005632;5103537;4877755;4566126;123199;6894113;40036141;6478633;6910865
2021-09-05 00:00:00;7010540;4013808;5129407;4877755;4571440;123231;6912375;40080097;6498024;6921275
2021-09-06 00:00:00;7051516;4020587;5156986;4887112;4574787;123285;6929862;40158154;6518986;6924325
2021-09-07 00:00:00;7089051;4039667;5184124;4892640;4579502;123322;6946922;40423580;6542624;6938866
2021-09-08 00:00:00;7127630;4044777;5210978;4898258;4585423;123361;6964595;40606607;6566538;6944797
2021-09-09 00:00:00;7165200;4068495;5237799;4903021;4590941;123386;6982628;40766736;6590384;6962917
2021-09-10 00:00:00;7202212;4071643;5258913;4907461;4596558;123423;7000636;40994961;6613946;6972934
2021-09-11 00:00:00;7231111;4080180;5275567;4907461;4601749;123478;7019200;41064168;6636869;6982683
2021-09-12 00:00:00;7259752;4087125;5295786;4907461;4606413;123544;7037435;41103960;6658221;6990662
2021-09-13 00:00:00;7290168;4093412;5318327;4915265;4609205;123642;7055296;41356020;6682834;6992980
2021-09-14 00:00:00;7316931;4102252;5340656;4918526;4613214;123722;7072825;41502216;6710636;7007436
2021-09-15 00:00:00;7346832;4115342;5360387;4922249;4618040;123808;7091368;41672793;6738860;7007819
2021-09-16 00:00:00;7373451;4127158;5378408;4926324;4623155;123904;7110656;41828301;6766978;7022203
2021-09-17 00:00:00;7406017;4137062;5396013;4929546;4627699;123961;7130245;42037171;6794670;7029959
2021-09-18 00:00:00;7435493;4144165;5408860;4929546;4632275;124038;7150244;42097644;6820831;7037931
2021-09-19 00:00:00;7464791;4149832;5424835;4929546;4636111;124102;7170069;42137162;6847229;7043875
2021-09-20 00:00:00;7500734;4155160;5442232;4935534;4638516;124185;7189445;42332050;6874917;7045422
2021-09-21 00:00:00;7531922;4162437;5459796;4937984;4641890;124232;7208241;42453701;6904255;7054198
2021-09-22 00:00:00;7565751;4173357;5477229;4940824;4645853;124283;7227549;42586824;6932423;7061323
2021-09-23 00:00:00;7601598;4183672;5493591;4943855;4649906;124348;7248572;42713293;6960267;7068630
2021-09-24 00:00:00;7637314;4192606;5508885;4946601;4653696;124403;7269514;42890193;6987464;7075305
2021-09-25 00:00:00;7667290;4199029;5519728;4946601;4657215;124447;7291097;42941060;7013609;7080675
2021-09-26 00:00:00;7700358;4204300;5533520;4946601;4660314;124498;7313112;42989128;7039470;7085607
2021-09-27 00:00:00;7737941;4209098;5547990;4951640;4662087;124542;7334843;43158503;7066658;7087110
2021-09-28 00:00:00;7772788;4216507;5559691;4953930;4665049;124591;7355883;43269881;7095550;7094334
2021-09-29 00:00:00;7808054;4228774;5572962;4956691;4668261;124629;7377774;43393295;7124936;7100572
2021-09-30 00:00:00;7843887;4239773;5587040;4959091;4672355;124673;7401104;43503243;7154040;7106028
2021-10-01 00:00:00;7878571;4249061;5601565;4961128;4675758;124729;7425057;43656123;7182913;7111154
2021-10-02 00:00:00;7908091;4255543;5611700;4961128;4679067;124772;7449689;43698610;7210886;7116415
2021-10-03 00:00:00;7937810;4260494;5624128;4961128;4682034;124805;7474850;43739184;7238237;7120214
2021-10-04 00:00:00;7972312;4265001;5638735;4965399;4683646;124843;7500000;43894148;7267047;7121507
2021-10-05 00:00:00;8005502;4272764;5651961;4967200;4686109;124884;7524465;43991524;7296849;7127454
2021-10-06 00:00:00;8044424;4284400;5662458;4969503;4689341;124921;7548944;44102113;7327317;7137177
2021-10-07 00:00:00;8084322;4295876;5674083;4971310;4692274;124954;7575825;44202658;7357306;7142387
2021-10-08 00:00:00;8119442;4305634;5683980;4973619;4695291;124987;7602386;44329132;7387507;7147186
2021-10-09 00:00:00;8158935;4312528;5691634;4973619;4698038;125023;7631034;44359574;7416152;7152009
2021-10-10 00:00:00;8192589;4318437;5702890;4973619;4700316;125055;7658923;44395776;7444522;7156066
2021-10-11 00:00:00;8232327;4323346;5716394;4977448;4701832;125085;7687559;44500245;7475085;7157206
2021-10-12 00:00:00;8270182;4331274;5729785;4977448;4704318;125115;7714973;44606614;7508945;7163317
2021-10-13 00:00:00;8311851;4343591;5742083;4980206;4707087;125148;7742899;44728187;7540193;7164924
2021-10-14 00:00:00;8356596;4355169;5754047;4982138;4709753;125162;7773388;44814568;7570902;7174580
2021-10-15 00:00:00;8400983;4366833;5765904;4984386;4712482;125189;7804750;44924368;7601596;7180773
2021-10-16 00:00:00;8443882;4375253;5773419;4984386;4715464;125227;7837101;44958983;7630133;7185744
2021-10-17 00:00:00;8488685;4382019;5784815;4984386;4717899;125258;7870529;44990096;7654247;7189566
2021-10-18 00:00:00;8537650;4388581;5796659;4988878;4719493;125284;7903963;45094862;7683487;7190716
2021-10-19 00:00:00;8581278;4410921;5809967;4990767;4722188;125322;7936798;45175808;7714349;7196754
2021-10-20 00:00:00;8630076;4429723;5821737;4993295;4725887;125351;7969960;45267256;7744109;7202840
2021-10-21 00:00:00;8681795;4447231;5833525;4995176;4729678;125407;8005376;45346152;7772574;7209126
2021-10-22 00:00:00;8730787;4462324;5844589;4997732;4733557;125462;8041581;45441301;7800766;7215584
2021-10-23 00:00:00;8775889;4466173;5851670;4997732;4737462;125519;8078309;45470179;7826983;7221941
2021-10-24 00:00:00;8814735;4476078;5860844;4997732;4741185;125565;8112999;45487602;7851775;7226974
2021-10-25 00:00:00;8851104;4485437;5868360;5002217;4743720;125640;8149946;45603955;7879438;7228331
2021-10-26 00:00:00;8894843;4516839;5877456;5004143;4747773;125686;8185400;45672673;7909081;7235100
2021-10-27 00:00:00;8938965;4545665;5888100;5006675;4752368;125738;8220975;45773574;7935977;7242180
2021-10-28 00:00:00;8978443;4553744;5899509;5008887;4757231;125810;8260045;45851120;7961505;7248285
2021-10-29 00:00:00;9021701;4591264;5909402;5011148;4762563;125898;8298850;45944705;7985914;7254779
2021-10-30 00:00:00;9062710;4608512;5916211;5011148;4767440;125980;8338053;45976351;8009010;7262178
2021-10-31 00:00:00;9100442;4607958;5924638;5011148;4771965;126078;8377984;46007342;8032958;7268527
2021-11-01 00:00:00;9140441;4619273;5934495;5011148;4774783;126155;8417305;46122948;8061636;7270410
2021-11-02 00:00:00;9174153;4649964;5944599;5016968;4777614;126271;8455232;46194029;8091432;7272516
2021-11-03 00:00:00;9215683;4684462;5954962;5019255;4782802;126384;8494589;46278614;8121196;7282823
2021-11-04 00:00:00;9252646;4722102;5964824;5022546;4788704;126471;8533706;46360436;8150678;7292220
2021-11-05 00:00:00;9286618;4755887;5973457;5025639;4795465;126539;8573323;46456541;8178871;7301303
2021-11-06 00:00:00;9317072;4779675;5980260;5025639;4802225;126616;8613533;46489437;8206345;7310967
2021-11-07 00:00:00;9346961;4792463;5987814;5025639;4808047;126710;8651561;46524743;8233649;7319526
2021-11-08 00:00:00;9379286;4816177;5996155;5032056;4812594;126775;8689818;46637056;8261473;7321767
2021-11-09 00:00:00;9412185;4857463;6004460;5032056;4818705;126836;8727817;46717357;8290135;7334332
2021-11-10 00:00:00;9451884;4908540;6012408;5038517;4826738;126910;8764713;46812332;8317394;7346277
2021-11-11 00:00:00;9495395;4957374;6019947;5042803;4835435;127018;8804297;46867831;8342292;7358920
2021-11-12 00:00:00;9534544;5002730;6027269;5047156;4843957;127104;8843238;47014360;8365929;7362807
2021-11-13 00:00:00;9572351;5037039;6031575;5047156;4852496;127199;8881306;47055324;8388512;7377483
2021-11-14 00:00:00;9608568;5056242;6037718;5047156;4860061;127260;8918926;47085614;8410136;7389989
2021-11-15 00:00:00;9649233;5091200;6045212;5056954;4865260;127297;8956136;47224576;8433988;7393296
2021-11-16 00:00:00;9686363;5144827;6051642;5061045;4873075;127331;8991748;47312202;8459089;7413180
2021-11-17 00:00:00;9724617;5213193;6057893;5067712;4883242;127374;9027163;47423606;8482956;7433545
2021-11-18 00:00:00;9772670;5271961;6063775;5074027;4893887;127405;9063318;47533702;8505190;7453941
2021-11-19 00:00:00;9817505;5329263;6069559;5080663;4904441;127439;9099253;47659290;8529000;7475211
2021-11-20 00:00:00;9857658;5374446;6073098;5080663;4915981;127463;9135149;47700783;8552347;7497912
2021-11-21 00:00:00;9897206;5400687;6077438;5080663;4925688;127512;9170898;47738554;8573524;7517669
2021-11-22 00:00:00;9942859;5448574;6082865;5096538;4932091;127537;9205431;47889042;8598380;7523008
2021-11-23 00:00:00;9985879;5516623;6088009;5103315;4942135;127572;9238330;47981453;8626550;7553513
2021-11-24 00:00:00;10028829;5595674;6092822;5111842;4954585;127602;9270885;48092823;8654142;7586146
2021-11-25 00:00:00;10076116;5670253;6097672;5121100;4968341;127631;9303751;48125425;8678609;7619656
2021-11-26 00:00:00;10125945;5735837;6102056;5131012;4982022;127672;9337575;48176523;8702611;7654128
2021-11-27 00:00:00;10165779;5780814;6105101;5131012;4994891;127710;9370694;48201079;8726370;7691217
2021-11-28 00:00:00;10202370;5804139;6108882;5131012;5007818;127764;9403480;48241903;8748025;7722804
2021-11-29 00:00:00;10245244;5854884;6113192;5153923;5015790;127814;9436650;48438882;8772342;7731351
2021-11-30 00:00:00;10285745;5923564;6117445;5164184;5028547;127938;9468640;48555980;8797558;7778575
2021-12-01 00:00:00;10333672;5999020;6121757;5174720;5043620;128022;9500836;48691359;8820114;7829045
2021-12-02 00:00:00;10387200;6072299;6125596;5189220;5060430;128141;9533593;48832234;8841861;7877490
2021-12-03 00:00:00;10438381;6134492;6129199;5202958;5077445;128245;9565909;48990133;8863356;7927361
2021-12-04 00:00:00;10479955;6177992;6131356;5202958;5094072;128319;9598283;49051146;8883730;7978985
2021-12-05 00:00:00;10523316;6200937;6134465;5202958;5109082;128393;9630296;49085361;8903087;8021237